oof_mean,oof_std,y
203621.33877955456,1533.7456758749072,208500
168852.3774976423,3091.3452529528345,181500
217115.4407542941,3933.224542134404,223500
168126.6256021797,2512.928554285341,140000
306971.44330743316,5105.852737438851,250000
156813.45136972013,1708.0405692400877,143000
287125.18049630785,5922.820005137267,307000
225338.27724729103,7020.806768100086,200000
139151.04386794704,3369.8390945659257,129900
122518.7369268285,3679.2482242983365,118000
124983.86131329532,3095.052378523037,129500
382414.8920286568,8768.80187113629,345000
131069.95030101402,1578.7168255726538,144000
221369.13349363467,3626.300012331339,279500
151386.54487741366,1888.1059796244426,157000
127464.43444284526,2506.8747234080406,132000
149842.92125337172,2191.5822149955466,149000
104633.88249469791,1683.2679837432443,90000
152996.26270441193,2820.8316356126406,159000
119215.24037811758,3971.300136416644,139000
320452.4389242375,9152.994245441503,325300
127559.25949340356,1521.7468046487131,139400
250165.4145380185,5045.302184190983,230000
145443.76678885944,1751.0646871698686,129900
146588.90780026905,3445.1686025447966,154000
242378.11453839982,4399.356666772262,256300
133790.24318751556,1880.486101746827,134800
298250.6619353651,3025.951607538307,306000
191560.93767263048,5478.502456986137,207500
67749.90050462322,1846.8828645117806,68500
90248.21234898774,1710.641469594519,40000
141651.95392665992,1544.5188874287664,149350
192044.8897677018,3292.7962503032722,179900
175950.77593275803,3681.519725776077,165500
289684.3388601175,3065.2864239601054,277500
306281.69062573963,8024.800294516304,309000
153767.69508892167,2691.1549526058934,145000
158766.92269572962,1842.3348656187343,153000
130342.27773022068,4291.187687982444,109000
89643.51990211204,3467.9389016345813,82000
146324.57781548233,2676.508585137861,160000
174085.5423017336,3270.2131111343874,170000
147836.82778164893,2706.2001446602612,144000
139497.47101785,2774.358043886659,130250
130695.90594068584,2009.8712525935878,141000
288385.1593233586,4805.655883571471,319900
270966.3506485856,9274.842985853807,239686
228341.2768834055,5175.5185163896485,249700
103444.12963873577,2342.711959104632,113000
126345.06867517007,1721.9679038596216,127000
166743.53585541048,3414.0694778875513,177000
112120.59490538621,1405.207891219619,114500
106300.23310902868,2918.8645238279237,110000
314943.0660888539,11761.74110669056,385000
123384.79393792439,1106.7217781925349,130000
159336.2867775064,2869.250382891317,180500
200592.5900588668,6282.225592375808,172500
196797.5962849916,2647.7103211932204,196500
332470.4655234847,11638.61458199475,438780
120882.58031376172,1615.016508020106,124900
163244.69528331357,3407.3403021904837,158000
94848.94447963845,1865.163079152139,101000
205688.35844656406,1934.5294774295007,202500
144889.68523213486,4312.083077401783,140000
229039.28572467316,3098.5279099411923,219500
293102.15889115306,4836.4944904997865,317000
240608.65122977452,6019.009527589269,180000
217742.19424303877,3157.7595997584076,226000
84117.21417483452,2527.423454082842,80000
201260.958493653,5807.071719600264,225000
251148.57733888482,7793.175651559018,244000
126071.61786594188,1389.9500871221426,129500
193829.41270842004,2441.0554787803258,185000
140436.680125567,2462.2796775403413,144900
109058.3657900996,5265.414576263235,107400
107066.7817924791,2799.1383547374926,91000
112043.9367373923,1329.0643264020048,135750
111792.03126194522,1866.149101536381,127000
125160.72700103563,2566.692533767571,136500
111459.04679583771,1841.0679116927959,110000
201558.83525010664,4694.225583539806,193500
161114.95099083593,1697.9764629392919,153500
240725.99830634106,4529.614489820264,245000
119441.08461397052,1870.6280788203746,126500
163494.68109586966,3167.9989878450797,168500
276383.6150906027,5778.623395703417,260000
174156.5006889196,3193.8363451221426,174000
152116.06916255862,4730.926819902816,164500
86330.68879700983,2306.306704275322,85000
130777.61546386643,1602.3819357195823,123600
95057.9911461246,2029.983228070071,109900
113403.26040603941,2899.3356700359222,98600
135797.0458626017,4542.544725412616,163500
179336.5218764747,3988.28837895742,133900
192652.28299570276,2575.46946655595,204750
177028.0190771006,3595.468007173514,185000
227251.37869598303,3991.239100540277,214000
127944.48154640234,1656.7960543894283,94750
81201.13981909146,1855.5262239358456,83000
109537.32845561749,4367.273252866483,128950
214318.90547198593,5660.240793600019,205000
174279.05713867044,2799.360933601869,178000
116141.10704489388,2082.488113599066,118964
189989.346415337,2756.6879088257265,198900
147964.57887648916,3626.707239788834,169500
240223.2271452752,5285.226704901935,250000
94798.73354104582,2156.152627923642,100000
95885.41294824242,761.4456544798584,115000
108521.61350811734,1738.2984660432169,115000
205409.624404549,2054.055037625837,190000
139325.93952939453,2098.09132857584,136900
166178.7397641832,3772.3327151344943,180000
346539.19952302665,5230.1919188842885,383970
195261.84168051943,7338.210616673911,217000
204082.26835539195,3962.6649244228797,259500
152335.94646676627,4083.1279600916932,176000
129657.15981619012,1209.9006009697748,139000
139025.23461276066,1323.9518881245533,155000
291071.4099769871,6965.8268071551065,320000
172867.07886722856,3066.488180544124,163990
157507.80136166138,4690.852624954505,180000
93350.17796124402,1688.4087459763027,100000
133081.48297327838,2435.3008646690664,136000
161191.61496937874,1665.446334695348,153900
165277.6736336916,4310.096000671015,181000
93778.69855334246,2544.1265230458785,84500
137104.96929457196,3404.562389751333,128000
94476.21284574964,1251.322532893781,87000
137661.33698397197,1994.768183102783,155000
139924.5172877765,2098.703155262997,150000
218223.92613294176,4584.13224764043,226000
216934.7617069192,2883.3906924500398,244000
147534.57243762372,2193.4610228831434,150750
211235.88364479266,2194.825710682208,220000
170063.22115842393,2876.6780025266526,180000
183438.21100472388,4485.701530142809,174000
143602.34257603783,2452.327538521624,143000
197620.5852131624,7555.398757374505,171000
250228.0070831937,6643.953337820578,230000
198981.57046472727,2461.1072134211486,231500
100065.92003745427,1694.7296363961061,115000
246995.99435393637,3298.3069623469673,260000
115814.50557752282,2929.2088955073614,166000
225644.6091071591,4899.17142400137,204000
140271.02239579227,3017.979784943342,125000
148720.66020392856,3013.3738482168123,130000
97979.30906117355,1911.2806148639231,105000
210629.91640190434,3220.6762272129295,222500
146652.21949541464,3264.0225367264975,141000
95780.24037648088,1819.6665395519617,115000
143198.1196331949,2204.3312830880836,122000
320873.1397902732,6424.057440386479,372402
184464.3975045647,3015.174866538541,190000
183339.85886745545,3815.648002447227,235000
109771.41346803018,3393.3332140787775,125000
79798.35328891205,1802.1456313007732,79000
105633.1168467927,2261.4418626920155,109500
266815.87286731787,4727.778610884662,269500
217605.92992101863,4014.132499085633,254900
285829.2404520006,8980.96609906883,320000
155814.3692552177,1707.9984103946767,162500
429176.31876128615,9295.121195909258,412500
239941.48308390912,5923.866493112704,220000
94128.82983836943,1011.077085191507,103200
150637.9402553605,3765.3391965499127,152000
122924.64504634182,1107.4783175050536,127500
175430.96764395226,3207.1508274867106,190000
366218.7649403811,8273.191937996022,325624
194345.15000791222,2293.550624275545,183500
248197.57681593928,2976.529540754371,228000
120300.76440140819,2897.702224152078,128500
178764.5511259911,3668.2643472281497,215000
221456.8509169295,1845.0873216069574,239000
154134.3970484512,1801.2955309519134,163000
210913.57071392724,5103.729642256738,184000
206023.49151598525,2683.713144168276,243000
210307.64588748076,3671.6564126211947,211000
169019.49778546038,2179.1796271368175,172500
422081.6652342856,19071.944727535203,501837
113164.32238963453,2991.8467930998427,100000
165885.41802606478,2805.769939162599,177000
164725.55840921492,1584.8146919462902,200100
119851.65830372463,1932.2998547102768,120000
192548.22676670738,6535.6972780913775,200000
125419.84580736399,2468.356806205524,127000
274229.22319130774,4357.163756471707,475000
178408.28575461902,1844.8237405073849,173000
125547.38756300809,4867.232992416037,135000
148601.111763076,3720.843487878112,153337
274964.9736624808,2755.3730988357265,286000
224885.29142628846,10056.207833426068,315000
172011.6140510163,4499.634415312308,184000
207745.35736142145,1312.4954879413933,192000
165255.62927062687,4016.488187323549,130000
126544.18699277514,1090.0867199659988,127000
153128.75894486936,2868.658533678779,148500
310699.4511918005,8710.789937876441,311872
246681.6708662866,5568.042711437211,235000
132287.78400170655,3975.5175291477963,104000
300053.21822079865,2490.4662318126807,274900
131704.44935645506,1708.048887862402,140000
155917.83894424938,1700.4168926250254,171500
111388.12962601185,2567.7998446392894,112000
153019.90538740228,4427.6975283455085,149000
115614.17027243385,2529.921498461485,110000
177146.84826046036,2814.4811131029824,180500
139825.51795461014,2955.751745396306,143900
132317.68779744435,2500.1779516107595,141000
244465.70610689194,7387.484121178491,277000
146652.92724500733,2835.5898889994282,145000
94008.62272833225,2154.430466805213,98000
164378.56875335632,1306.062919337417,186000
232604.2251891088,6073.735306960322,252678
156057.28535320243,1117.7706146248156,156000
157128.9938215176,1630.4371645635672,161750
146486.7716001831,4992.204029009288,134450
204280.6346463473,4062.621732588051,210000
87186.79658692841,2747.817827681256,107000
205769.3685823087,5271.847218244597,311500
173888.5943931543,2198.379763573634,167240
208484.2066681918,4821.983931776362,204900
210757.96555849296,5291.872404062297,200000
171368.3508635394,977.7303496927168,179900
114020.34795260693,1014.5130364151391,97000
373615.6768389028,5840.214053372129,386250
99680.42342893431,2699.2571239022486,112000
273648.24916857266,7557.984478914442,290000
97408.99490224512,1932.8482187077263,106000
119045.70655730502,2200.3350293397707,125000
194045.85646591545,3777.446373475088,192500
133069.99165865782,1898.0009038514602,148000
339260.9834366686,5397.795270997305,403000
96704.65324659765,2429.4246574835693,94500
133246.6874618594,591.2000924508087,128200
209593.66073539696,3215.6314040774655,216500
90087.34586091236,1869.1357626621266,89500
196340.2325821544,3702.418031461074,185500
204891.41930975937,1618.6309145777718,194500
245612.62148556267,7807.212015149688,318000
126669.62099597664,2392.4926712389074,113000
241613.19487042577,3640.648663864822,262500
101290.32574764737,3297.9078903117834,110500
94817.2637942287,3128.8296043177293,79000
138211.30612398384,2197.9582462772623,120000
232132.63780623363,5605.748803228289,205000
238620.18231885045,6729.794657317597,241500
144372.243058604,4768.429788021031,137000
148430.7400970152,1163.0266729008206,140000
194236.42569700305,3949.026599922574,180000
236374.36933035226,7914.145856658861,277000
90780.55087677066,1992.0122541922624,76500
258998.38306334973,2494.921690873237,235000
169344.70309009918,2667.8978732384685,173000
169177.34027645597,3554.241569237052,158000
141832.59995450175,2070.213940885386,145000
228124.32896421113,5279.210526808057,230000
185004.02296024698,2869.5337378036925,207500
235528.69372911126,3831.069452976042,220000
221065.69841493852,3994.123554317467,231500
100854.04046146502,1714.2750001266986,97000
166419.08699340135,3547.743935886393,176000
338338.0755257713,9290.469721205245,276000
149696.94292956888,3756.848561105249,151000
127463.65115755134,2503.0660576297,130000
92252.85133287299,2542.8514799111686,73000
187376.2041152765,3791.9003049933563,175500
184149.0643552364,3160.302924291273,185000
177473.0427237433,2021.6656863022329,179500
111352.64224423828,2439.434822616562,120500
159987.98001716548,1769.78097804791,148000
254344.41818155305,6890.124872869879,266000
192544.67387999175,4162.0953847186065,241500
302876.25671529863,4107.112494135997,290000
173182.00931702316,3284.3329083512594,139000
132872.92870381422,2906.5825006598516,124500
168223.96023104308,4421.775262441447,205000
205135.59677601067,1523.478944441764,201000
113264.95222296276,1169.0443827975794,141000
359731.7069112132,16686.466921783216,415298
204837.92582911806,2668.0526150296255,192000
222022.1890569202,3491.9412240922625,228500
176465.68155208527,3791.076564032451,185000
213174.53805459864,3107.250359949443,207500
242881.3406660582,6714.315581149945,244600
185984.55921230462,2651.3121496583076,179200
155941.41803886215,4241.568622202143,164700
188593.24601249138,2255.8096845804007,159000
90465.59395867834,1733.82475649408,88000
113696.50569948701,1774.6964432793545,122000
135873.2548548761,2913.8995601917413,153575
253848.2194996173,7037.958476269189,233230
119853.09848378669,3660.543376842891,135900
135640.54198600588,2768.3910628388326,131000
245540.7017116936,8965.362729826831,235000
174427.97610564917,2282.9513532047135,167000
142662.0391250727,2115.4191120143814,142500
128867.5894937415,1505.676921756122,152000
216230.84609421995,2418.3565831720957,239000
172379.08636186557,4693.788440825094,175000
140800.00042231946,3582.3422932648273,158500
145191.5352395564,2206.644743469486,157000
281920.82939325,3387.037112036091,267000
231150.96891922405,3696.3711699192036,205000
135856.3433013093,2142.3846760138263,149900
268495.2997070583,11540.606986410296,295000
285513.78355166345,8002.771964821386,305900
232747.09298300563,3989.664558091127,225000
98622.57920919941,1422.540227311985,89500
112199.70563237322,1052.4289575103928,82500
388457.7318695613,5547.166381358266,360000
174305.33853706424,2971.079535503833,165600
136917.17146626025,2090.470541386972,132000
126520.46922161676,2527.4069458984236,119900
259731.3714550813,7079.741107658093,375000
172360.50329341224,3898.9877571237066,178000
187952.58358042868,2099.1783638978773,188500
266145.4928541404,5605.643044610497,260000
243334.7487252956,6757.443805695966,270000
325218.9491944151,3639.162682474158,260000
204220.20455687336,3924.740727166486,187500
314098.62376578804,10220.415613160618,342643
332138.4453780513,8395.266619275353,354000
279924.1614926454,4102.903062818536,301000
124467.00581688927,3403.4661604023713,126175
272325.6320087082,10061.176729840332,242000
82205.56176553908,1705.0149027826878,87000
270960.6572484368,4500.806156645067,324000
144335.2518000772,1991.9308729169386,145250
152073.67639994886,3909.9381910386696,214500
83415.65358217721,2706.5409536136654,78000
138937.15342267838,3647.190113700008,119000
134078.21194531207,1202.425404740957,139000
307302.0764282109,5611.945913827648,284000
206366.6967047678,3331.2956549956507,207000
195397.984517443,3134.751846504888,192000
211363.32755047982,5822.9822045923465,228950
348178.588281392,5554.981662596261,377426
227220.7409012917,3106.37453654961,214000
221062.07909978362,4676.477629072694,202500
148188.55079186946,2034.719582308656,155000
222860.17968263043,3334.6989083129583,202900
81833.36055460457,1995.2122727386964,82000
82823.91414957431,1692.9252891842286,87500
274833.8247588289,5649.1798413977185,266000
99249.85398522529,1833.8989828956069,85000
130985.82591179755,2790.4266089732,140200
139030.02263457683,2573.1649554932865,151500
176251.33595619426,2520.3673433500385,157500
193877.44824483982,1644.168781556351,154000
476909.08713566663,13984.24937335588,437154
291869.2219832484,10632.084591524845,318061
213657.3526937302,3715.902469907569,190000
96876.42246465632,2320.4265251786583,95000
105971.35773114699,1063.158500679941,105900
157994.46455910322,2406.1947859076536,140000
177148.70545401197,4356.816141653642,177500
168085.11130309835,2266.063683578009,173000
145361.51837144353,4201.660381872205,134000
123287.58181687079,2101.5982179923035,130000
277206.12441756105,3972.302429889865,280000
149827.25950551638,1684.7199558831892,156000
126931.22348812586,974.9914460432605,145000
180329.9441041219,3241.0963464972233,198500
108928.2231980206,2439.0453166854895,118000
177591.99903502167,2516.6599193704055,190000
122431.3920734673,2178.8732597473763,147000
168888.89703337234,2055.086015427178,159000
156569.8578407026,3655.7782088376325,165000
143171.66739350735,2809.9525677533584,132000
165835.72818038362,2896.715118368437,162000
172973.30250114787,2064.8080420575816,172400
116598.79800777929,3696.664154924721,134432
114352.06731663903,2398.692188377828,125000
121637.05961780994,1175.665303714056,123000
208802.4662364522,2789.401448178149,219500
88013.50572264675,3576.257888659927,61000
143731.26120371735,2104.2416650465557,148000
277483.17100326146,5488.16765719127,340000
333731.005169679,8982.027318523338,394432
176959.25335017848,1904.8471992239092,179000
150205.08032584927,4076.2067298624047,127000
196748.00341973893,5564.042777468069,187750
204884.50428076138,4247.654028572127,213500
78037.45110568877,1310.0150366970825,76000
240595.87957221767,6294.969288670881,240000
186104.54988515656,4064.6073514529776,192000
90044.0109497814,3266.288347812447,81000
138216.88117166155,3650.9007482232655,125000
195990.98815269163,3462.5518580028906,191000
440152.19017879677,10604.526725883214,426000
125935.98599123172,2924.3144511343435,119000
206872.87389691678,4011.3388040134787,215000
107620.39905815413,2132.772423656198,106500
91943.50952667734,3842.31792748478,100000
112516.21600188699,1892.4589097556304,109000
137863.46398901922,2331.686504374196,129000
129126.41826037788,2716.7020845356665,123000
154328.38734027525,1515.774817015247,169500
81747.1961944969,1428.2201248294964,67000
197909.53460317804,2904.6505885092006,241000
217267.4259249617,3962.13189322907,245500
195045.22133125414,3576.4005777972393,164990
104173.96460274208,2524.86743218599,108000
249643.60309919892,5776.803939349231,258000
166681.0902599728,2184.4187922332294,168000
150013.42780964254,1861.5101216575001,150000
126066.66140155567,4774.40212663662,115000
155889.8841336722,2728.6537523082197,177000
260291.58203015613,2987.3189463987896,280000
291368.34062284825,8147.060723959172,339750
107154.4728264791,2303.5925351470178,60000
149487.84524568662,5621.426945521737,145000
242173.47516297345,6525.569841300299,222000
109796.54148342907,2396.9791414680026,115000
230392.26948789554,4797.336404980998,228000
189307.73868483724,2921.299039224387,181134
151294.76665313027,2709.449562892026,149500
207942.30378018488,7789.320094710481,239000
107829.26687628005,3296.6233439475354,126000
134533.70694768438,2060.648427367224,142000
186696.92714257626,3742.2236290669894,206300
222019.0937326527,5094.075710461472,215000
120235.08175087001,2589.0815320705356,113000
324804.7351269032,5319.907330201846,315000
144510.39480694503,2836.1038598016835,139000
133262.23834138017,3484.9256841742813,135000
245316.3619666424,4651.775227157614,275000
110504.40118986348,2064.101940274058,109008
194705.19255982153,1448.3698869554546,195400
198027.57062238338,4353.6436612874895,175000
94730.06563407267,3021.0627487856927,85400
113221.38931905343,3339.569896069683,79900
120259.50430400597,2053.408857952121,122500
174637.4002101883,1606.6179066307593,181000
98296.88248972812,3010.1969551945563,81000
212489.05422408367,3634.0874749717914,212000
109466.20400641949,2814.2827807409926,116000
111227.07292732743,1456.3449685792064,119000
105149.42350689496,3860.148114418445,90350
137550.8073540449,2536.1812258763703,110000
448550.88962259755,5710.925011095295,555000
117535.13140466387,2501.9337788223443,118000
137772.02182901054,2440.0440937600547,162900
195654.04226584345,3271.5132145404905,172500
222095.62032423535,3306.1262907893192,210000
154088.13583069408,2068.8974507918247,127500
215567.4437265524,5334.93620548468,190000
208143.09882879126,3044.6254750306034,199900
116767.72085664139,1535.776827821857,119500
111712.0818853957,1853.565250724388,120000
109496.57182219773,2823.0807733963898,110000
212456.32522203028,4779.623752875521,280000
196734.8522353957,4337.080509105875,204000
195703.08704795426,3233.1380529616695,210000
152580.596883081,1680.8829969725716,188000
173850.34861164488,1874.1712382546652,175500
97473.31366947696,5230.7085438664435,98000
204423.98176250784,4427.319111037453,256000
157038.15638553206,3817.339894907655,161000
117317.60428791058,1531.8669487621974,110000
216363.5022289488,3491.1814641559195,263435
152744.97428143217,3397.8826184501927,155000
117421.29002520216,1075.1050320641132,62383
164202.94775492285,2937.9871271455027,188700
122683.0384786099,2413.582699227431,124000
172807.87919897237,2596.2140841668866,178740
168652.04579645567,4694.95116600046,167000
165937.60805229208,4086.4486394124074,146500
246139.94733770477,4239.016272199565,250000
179448.51321325015,2357.949370932331,187000
224298.04555190867,2330.228805709673,212000
202894.18688941427,4907.875426025016,190000
129999.96903806404,1689.5157589825906,148000
364775.0778206306,3320.57418199766,440000
240446.79551755404,3179.271993829825,251000
139092.54241565327,1036.4291194708173,132500
211113.16731821327,5476.228828746254,208900
370269.71197252366,8901.008858912739,380000
301564.3392714082,4400.291457664627,297000
114879.04525220468,4044.1550890607277,89471
355376.6104571621,4802.543867325647,326000
359605.5685543563,7887.788257708046,374000
166652.48321847612,3448.291503733797,155000
151036.04420104277,3442.8261375522598,164000
137258.6772030846,1914.6959178658542,132500
151161.4695053058,2568.863332289808,147000
140484.41464257808,2313.825148607909,156000
181056.00031370853,2214.900219407511,175000
140643.59496555076,5811.10478971429,160000
114097.54768066753,2660.05378241365,86000
118772.35493462406,1660.9325083772085,115000
155284.02062992853,1675.0319875417038,133000
159370.29356615854,3084.360611996428,172785
138020.92722531405,2328.1896614478314,155000
103770.35071200751,2325.9472640789218,91300
71525.94326582884,2975.084263790836,34900
312718.13089196116,5411.53223679734,430000
153608.92405934937,4240.177170899451,184000
132558.13405080928,2014.3284430438353,130000
124955.49139603262,1539.8059437006632,120000
110574.12329438645,2090.227142657965,113000
197787.0996897618,2246.890478068937,226700
139123.05888556252,2299.485116362847,140000
234709.9779935349,6565.357057721436,289000
138521.9202929253,2355.2794605191207,147000
138394.27428873332,2682.3996956039055,124500
221625.4483386567,2190.3249677448466,215000
179003.8924384574,3491.591309594037,208300
156114.4795945788,4250.581394008645,161000
133051.34591983267,1219.3189760965245,124500
164432.41599030225,4653.12596378698,164900
197779.96566373017,3564.712582703919,202665
116973.19599017168,935.3880059756211,129900
140517.56040917092,3193.830990105122,134000
96725.93714960055,3575.3231243333144,96500
431405.70903024403,10098.484689965402,402861
168594.07533496266,3949.407758130643,158000
275673.5261220886,5329.7965447018505,265000
188470.23695658197,2948.432553031184,211000
207670.35276500764,4963.772684338009,234000
94801.82651725641,2659.99410937211,106250
153074.68599218572,1370.2837525648263,150000
144931.43753469005,1766.953414539809,159000
562095.1266127604,15053.504336886594,184750
302386.5572775065,4933.098104629298,315750
176921.8297380417,4149.456980162553,176000
131891.3831958423,1703.6606623519906,132000
492006.37430771376,18259.647697920856,446261
97947.49407279586,1178.433730143843,86000
205881.68945457987,3262.986344790294,200624
209083.0825305509,4981.843752422732,175000
131933.66953279235,2893.255865187202,128000
109320.83336490611,2553.488631899793,107500
69431.64110820477,2253.9991863060945,39300
185197.02555862334,2595.8947534110916,178000
132052.39915935128,2497.5311142145065,107500
192805.04274945403,3678.444997928309,188000
119075.84548317119,774.3957294532987,111250
136581.42909041178,1737.9202189238692,158000
259692.89783734595,6707.150278759139,272000
368911.7333358586,6892.746318493111,315000
261639.87066472563,2974.9622772362,248000
235719.66716920087,3303.186524706205,213250
128362.66394327737,1983.7856693029053,133000
198795.34687959688,3539.100300249159,179665
242467.85640822773,6926.259376366638,229000
164070.33915298563,1742.1240737073392,210000
124930.07391120067,1685.1139771998837,129500
123066.2757675212,2788.7982408033863,125000
218664.0959905214,3675.9040347938335,263000
139717.7442099521,2848.3311483431403,140000
116164.37775335452,3356.5876700586523,112500
257280.82063884693,2380.119084028402,255500
117317.06496120234,2598.9089800605752,108000
261202.39467485057,1864.6284337707725,284000
105372.40887053343,2318.0515446840377,113000
142376.9388706215,2254.031984218358,141000
115931.17278195685,2308.187557015615,108000
189084.048967546,4040.03022529521,175000
190987.64480560872,2404.082307418119,234000
164006.32245189438,1561.5190002788088,121500
164916.34150885016,3348.223797691347,170000
120506.90570495631,1742.8438722821315,108000
168363.81049825883,1937.1380715028106,185000
274161.2860399048,5809.4388320768,268000
120168.6934610957,1754.6252160469664,128000
305148.81246834993,2721.573968122484,325000
207887.91607014558,1796.9972459799083,214000
291121.50416413904,7360.741875146902,316600
143090.26688380362,1730.783642639016,135960
151799.01504502105,2905.589813461474,142600
122965.46147901856,1536.0736682765903,120000
223130.39863595497,3872.2814661879897,224500
165521.21364133587,3967.411108247396,170000
117097.88044612324,2053.297571993588,139000
108638.44067601439,1420.2466339900232,118500
153447.3140077221,3193.3975694339,145000
151815.81943176602,2634.059519974251,164500
149738.5659574796,4004.583553501107,146000
138046.44958887194,3569.8353398507093,131500
187474.94474451244,2669.879813936778,181900
330877.08243276115,13774.403438217012,253293
119132.47661446228,2434.1616872958607,118500
200754.104279006,8564.508560150121,325000
125423.19496079122,2362.932860442036,133000
377758.35750427056,9803.917158344519,369900
128225.53492182106,1709.4327949406502,130000
133737.95074601186,2345.8044890870055,137000
213132.05122870774,5363.789945466612,143000
91366.75462190104,1181.3585663061044,79500
191275.9829536695,2123.5731506173347,185900
450191.1881523579,7138.529816753501,451950
140119.33294418934,3034.126416380135,138000
149025.1534594868,4238.545863153262,140000
126866.50451884311,2256.6186272919126,110000
325929.6533766772,4745.695721013148,319000
111725.2041902555,2828.2552391212303,114504
194786.7320594301,2532.9051536567276,194201
204941.67187115274,3429.43882218992,217500
150245.00059329064,2074.6297652679827,151000
267022.48483275954,4829.756185698448,275000
128324.88415750125,1701.2572682218292,141000
219798.85190785612,2478.31293771962,220000
148637.71934244773,2697.838066628313,151000
233189.41589321345,6607.1695976960045,221000
200877.84016217268,5838.204012009812,205000
158831.91824226663,1838.3425454147243,152000
173285.7583348312,2415.2923054006183,225000
231259.44996500743,8761.329359959684,359100
115049.45393996236,3476.2714639844444,118500
335226.2376972923,4350.167876856673,313000
155857.31603193635,2014.8170859343334,148000
284700.8160931535,6939.603193510065,261500
128576.0010516758,2415.444662515242,147000
93437.94375725285,3482.998288496083,75500
140085.67270765477,1329.0568195259523,137500
182779.85586238044,2436.351074988767,183200
116975.94013786642,2021.0885854952928,105500
283235.4226778868,13054.628724690083,314813
340876.22291079897,8940.931076685198,305000
77528.76368491452,2301.535097058231,67000
233335.6616199861,7559.301022414662,240000
129757.04553321979,1261.0501300149106,135000
165680.88823386325,2341.789373247242,168500
162003.41107380687,4287.756736718859,165150
136959.94828621612,2395.2312136697064,160000
138033.90452745956,4372.687396228947,139900
166244.09977449386,4051.748507579079,153000
179785.48600900543,4347.946571297891,135000
156397.8422578806,4113.347074554367,168500
127101.47538552526,6175.589116761111,124000
228102.7860114164,1957.3793225283262,209500
174312.10537772556,5610.247695509611,82500
134624.55966748224,3037.584199981378,139400
140332.48337772494,3012.384327023538,144000
158218.61468092675,5534.657177505318,200000
63299.04645671927,2806.549949105635,60000
113005.74867093391,3561.115787886917,93000
96187.90955233165,1526.9883797667237,85000
279092.7618809525,7401.941138127912,264561
286136.9138274579,2459.804579104037,274000
230932.08959952314,4696.26658194055,226000
324499.5940730989,9679.482277280838,345000
154980.49661513435,1772.9347101081646,152000
327079.1938800494,8568.659723686485,370878
129373.15243232944,2107.3076997071585,143250
99206.99354210633,1752.1232366762483,98300
151307.82100508214,2076.4027179901263,155000
155849.32888827435,1562.2453657543772,155000
90396.53237795414,3096.7021639420286,84500
187419.05024322277,2163.9457249182055,205950
118273.8596859225,2894.647451457489,108000
199466.5821358639,2635.9902715625158,191000
130069.96819469277,1741.0288588561066,135000
359071.98825719923,6742.779448714103,350000
90354.82072655708,2159.320259745417,88000
148536.0895405232,1945.172477270014,145500
151010.99960158943,4372.168181865319,149000
134145.16170908508,3436.7367661570156,97500
163321.36815770224,1934.1945860775816,167000
205912.96743914534,4149.259030081107,197900
355224.6120314704,8976.54419932427,402000
146095.4493189444,3398.822273505279,110000
140905.10347750646,1934.2403837779664,137500
368467.7661945555,9317.696694718888,423000
248321.0889631312,5494.019617517069,230500
179135.98518973668,6600.508681316107,129000
202160.93945783278,4320.181108832788,193500
164326.92318030418,2787.1632339419134,168000
107955.35537528213,2480.595218923421,137500
171256.93113344148,2446.5094726392645,173500
105753.43395706647,2516.329214249934,103600
164846.1019433282,1602.0415529784673,165000
225668.07667805938,4692.200856684258,257500
150473.7654224068,1806.9324120528474,140000
147857.18426675562,3766.59994575228,148500
113930.61680861142,2253.929298356083,87000
107524.93029490385,2282.2127548246194,109500
357587.32119610265,7995.634758894648,372500
128854.13388736047,1506.670896521376,128500
134160.35687725144,1265.9577348772523,143000
114512.67504539457,5615.483870021562,159434
171611.6451031917,5136.875402149374,173000
279512.54449674493,6829.477402806885,285000
206676.79949568328,2691.3201942026667,221000
221651.75039993538,5863.458047652519,207500
199687.01815422575,3820.040324285136,227875
147083.46050049254,2938.9296208110886,148800
231823.58208583933,4064.43291348597,392000
184433.44719692433,1056.6755729084896,194700
159148.2483228816,3763.1591974807807,141000
396651.38940996584,10747.416410266951,755000
315110.2125247808,9905.717351192825,335000
115237.74954662097,3273.1727824643576,108480
119241.45541165405,2042.739502020279,141500
186037.79914055136,2681.1728966468786,176000
90126.1642640952,2614.276171761323,89000
129437.2339784866,2252.059981997945,123500
135215.75259888885,2313.044972968148,138500
188633.2292591183,4018.5930265874513,196000
336612.5063506669,3729.3034557880214,312500
151234.2211009604,2285.221858393129,140000
321387.6558039551,10613.503259218352,361919
150133.8790101071,4057.5024842410185,140000
209802.39044288927,2990.8887961838404,213000
77427.1497279396,2913.2579767940806,55000
258081.8867610416,10708.85135491984,302000
213761.6578364203,2324.2767926683205,254000
179944.8304972605,4171.887862903463,179540
112717.74224699814,3296.5335315727502,109900
91400.2224108577,1154.507627452587,52000
102964.40026348252,1781.3672417849716,102776
203830.52583353763,1604.7389104460576,189000
121668.13831798181,1916.8629085647221,129000
174984.99079656298,4651.906177301994,130500
150634.7352016348,1812.3258316095466,165000
188452.7565075422,4521.5061384973615,159500
165220.47189895407,1962.7384469728715,157000
323153.1631481408,3924.097960359443,341000
144744.0738175716,1098.3969502235832,128500
255894.18610484822,3111.3121166237274,275000
149731.29805484676,4456.815767896178,143000
115687.1660595044,757.703661964728,124500
129380.33457074135,1966.1938271547763,135000
311918.00495065475,6499.29299348712,320000
119437.5263398645,1385.9069483152455,120500
216625.5979044342,3132.6229116416675,222000
191200.16748346557,1498.0412247078655,194500
142795.24533827195,4148.907193457669,110000
92107.60436518246,1915.3230727066916,103000
248717.3035043388,3920.966301524932,236500
193012.96356757815,2980.5487700485955,187500
250556.94563329988,5865.672267695104,222500
136677.89210724962,2640.2294688137313,131400
108893.3544491743,1910.648544463457,108000
172088.5053350741,6238.501839346647,163000
81884.12405142067,1855.5128697389816,93500
226583.49289067255,5666.976490881055,239900
128213.66913232868,3467.0636493000434,179000
195018.55799186515,2327.038683731742,190000
115458.29348027128,3220.66460255628,132000
134034.61843345882,1836.3974999365653,142000
165828.99354240618,3607.4215033355867,179000
161123.26725431066,1386.360435099992,175000
211347.10350420373,3254.76800738602,180000
338580.0940809955,9439.182658538602,299800
232409.3775868477,2988.6394725212344,236000
227327.79554768256,7343.083277397688,265979
248182.69619043617,4347.367299689962,260400
86626.04531763008,2031.3941782416232,98000
89800.34363669506,2567.00666586043,96500
161408.51504893304,1703.2029739330235,162000
201512.9371926233,3757.5319103689276,217000
265622.02487580915,3779.0609534260775,275500
148001.18053441285,2398.0322434101167,156000
147448.0956287089,2635.0012990444466,172500
207046.8514360531,3535.870784144106,212000
143629.1031638633,2515.3046458278354,158900
159994.2008720355,1832.8411883713181,179400
313427.84022548253,7517.077765530363,290000
117025.9462557677,2849.864549840683,127500
111758.16739743747,2076.9057710533507,100000
181960.94618479675,3447.9965175486136,215200
319533.151269734,3712.8390278893285,337000
238114.0100301316,4125.907414807079,270000
265475.22923030826,5836.967823325357,264132
191596.06936256468,3005.4381868214346,196500
170232.85223101688,4509.867350313548,160000
248549.69617529327,5723.280176140562,216837
373619.24968061055,16062.884247710037,538000
131262.33208802136,2066.9299692063596,134900
119140.11545771177,1535.70132915595,102000
135743.77893271326,3110.044537867367,107000
114900.71314371156,2454.4862143204864,114500
280600.40985479485,7606.360914549228,395000
155060.0766742071,2932.797821676906,162000
228533.16047019718,3604.7117207375536,221500
133202.43563578618,1410.1189275401678,142500
137774.8824196495,1848.8228144979041,144000
144631.8394851051,2018.5361315927146,135000
171873.39069853304,2246.149747658231,176000
171851.4538692313,2045.2727005868849,175900
197175.91973201933,3568.6595495315382,187100
163861.1352586161,2038.7077577194268,165500
132860.59795954477,2852.797585891962,128000
159437.67650682075,3725.812251483552,161500
133497.43171542961,2224.22385214216,139000
222212.26598858502,2414.13409296775,233000
108789.61483739626,1825.5296059397426,107900
212332.40075425227,4658.35310756275,187500
169937.73301831615,2967.013005809723,160200
151190.715783504,843.1422047879058,146800
237196.38114415432,4406.264544102665,269790
219195.18277072764,2104.629348875603,225000
203562.1182268157,2134.6689134675526,194500
158741.0893992105,3529.3933283443716,171000
137563.9135872101,1466.8682987952131,143500
99603.22946808499,1825.939001660893,110000
440750.2208664258,29190.229520932957,485000
163231.83956992286,3777.598246155279,175000
188617.05643534815,1463.2411106737638,200000
123799.36073906948,1449.462716810411,109900
192496.3749024224,2507.9591849583785,189000
446271.68276905053,13761.18054323652,582933
112840.81908808553,2054.4375244286816,118000
218024.64858172988,4937.85194907927,227680
125947.95367308891,1369.086211970786,135500
189375.09295001547,5357.587213803903,223500
145047.04043635985,2231.7595992545203,159950
140570.34829323154,2580.3805651065263,106000
190040.524372113,4887.941479440435,181000
159957.74506886728,4123.366245034079,144500
94671.62118500321,1490.763533586316,55993
150329.97363958304,2395.168391718621,157900
116666.62792498602,1762.9579517790808,116000
215169.58325763987,3367.6315228804806,224900
132048.73127882712,1584.464558239289,137000
279078.9821979915,6436.219664709192,271000
143326.88940048974,2867.844918829795,155000
226115.30683668403,3591.8401793198714,224000
189997.6709353885,1675.480224105646,183000
83568.33661283403,2492.0844518039535,93000
198799.9530140578,5072.452304298397,225000
147794.2410507921,2340.6239388993163,139500
224793.82367336264,5717.864678807165,232600
454476.3438331076,10458.417012994263,385000
91154.33293617214,1512.3354420134717,109500
193728.27028317095,2853.8520474395223,189000
179100.58583431804,2917.4339618728086,185000
147738.47520781745,2977.954551096211,147400
169570.3400587331,3058.779151861624,166000
145695.8282389391,2734.71714761484,151000
223957.24430144814,3049.242230539745,237000
159073.0175357785,953.5392707237988,167000
134002.9886674003,2413.443421287948,139950
133514.07368235497,2517.1990023249587,128000
143473.31181791553,3029.173012840904,153500
97796.24927511155,1964.9602671444898,100000
155640.28275684174,2654.5510939417827,144000
125421.64562615045,1400.3341547176265,130500
113346.27111457402,2813.1553710259286,140000
147476.17298731016,3376.7785117830367,157500
150249.97440915037,4544.141900765502,174900
122897.66478403483,3210.5255047064165,141000
143142.5191814616,2408.2406835096735,153900
178802.48076876052,4404.233387853997,171000
200005.5195331193,4008.7250207917973,213000
141337.0153103258,2177.3954015230606,133500
204680.02539920804,8426.678608215823,240000
169716.83448568426,3328.2773714216933,187000
150299.77027238254,3593.6647179945776,131500
187638.33658450563,3897.797842781975,215000
157612.28021176247,2882.1449167708743,164000
167767.75270743162,2487.2334926675244,158000
131406.91492179522,3081.7988568975547,170000
138738.77978865785,1933.7219503669457,127000
146849.24336768143,1406.5143044284944,147000
155490.0662124298,1679.3456216719646,174000
158519.77251791972,4488.897652994505,152000
239019.04086993096,7309.3418542024665,250000
158125.71797634102,2935.2699318324053,189950
125024.7189532834,3059.110378206888,131500
140532.06889741388,2046.9002576719247,152000
131362.0779713537,1196.375351244605,132500
194836.96446636203,1043.87832389803,250580
130978.16153753237,1709.9940655276391,148500
266490.11492228037,2818.7655520678063,248900
132851.28780697004,3100.1707636026085,129000
163359.74728427018,2737.084715521604,169000
229141.05604048836,1732.4630709902685,236000
97567.44966008556,1167.5412292362478,109500
181831.89727171868,2488.378773408251,200500
122082.86394748288,2070.768520383162,116000
134537.82229093343,2447.101124411452,133000
103249.94785426273,1978.8454942612505,66500
289222.4697839919,7239.196245837036,303477
140537.04190788296,2531.245629597291,132250
350490.71871243697,6548.996674373878,350000
150549.65369646082,2646.6444962214437,148000
141595.57547076995,3707.4090007763157,136500
148305.72564931778,1714.82155572753,157000
234006.467827335,3225.8547647080063,187500
167204.58641591572,2953.202103635334,178000
124736.22622589143,4565.637095368717,118500
115755.92340451026,990.1898798642989,100000
258368.2008634394,8113.7476533885765,328900
161273.01266717445,3736.6964961066715,145000
134485.16569986654,2863.5245105495214,135500
278357.9221583624,7361.469858437266,268000
160165.78459425265,2443.8677236326,149500
118572.67699877126,1864.179693847944,122900
167859.43223979603,2995.331559913124,172500
143106.64112740016,2171.814942650129,154500
152173.6841795492,2443.181104290435,165000
116511.25562378425,2193.8170599530326,118858
162986.68654418548,3229.252073349731,140000
92371.80779611031,2012.8546109744027,106500
132101.76820675068,3011.807779559147,142953
485913.01355759567,11789.023804622982,611657
134595.98760300403,2841.7580745280766,135000
112239.96358946114,768.0258042889814,110000
141529.9948025268,2689.3119568151997,153000
181786.87670418428,2623.615277638085,180000
240527.4910845568,3711.936410278804,240000
120462.36353983384,1895.8732647456234,125500
123942.90821081829,1777.4780975990589,128000
262296.1177640062,2901.524689311697,255000
205094.25498246515,2500.0367643640384,250000
134732.82008655329,2873.951802924298,131000
171626.04726855867,3429.842405071442,174000
151252.49830383091,3341.4943792306444,154300
161560.98602165215,2230.8937091442376,143500
95566.1046113109,1922.8208345943647,88000
164282.4885533831,6876.607497710749,145000
157258.91129222352,4920.218653134497,173733
98708.18726817923,2281.2866525662116,75000
75382.16294398099,2084.0363396880953,35311
137768.75723030235,2531.5040999958796,135000
260795.68333134628,7722.83562165761,238000
186329.23398363017,4888.279585449317,176500
188282.06842588456,3403.61321709011,201000
157396.62992500022,3876.841982844112,145900
178412.31908635012,3377.3866932798214,169990
196090.3083876044,2464.4430816073855,193000
198896.92254562204,4046.0137832605733,207500
159627.9480073514,3590.560987902863,175000
291660.22628689016,2570.896328153733,285000
187947.26566933698,3576.5246954796676,176000
271662.49822462286,6022.58453774109,236500
230679.31841452725,4035.6218186830547,222000
220119.61911886188,2063.8883966668104,201000
118377.10890964155,1759.123556048493,117500
329936.88448897,8279.844771556549,320000
203803.2372348613,5718.415107133485,190000
217949.04996351202,2527.141319048171,242000
94793.10832529936,2490.3070705594228,79900
187023.8102808828,2086.8512980583137,184900
240777.76679822573,4687.84287055134,253000
253229.2187906767,4767.007022613742,239799
199159.27645472778,4772.808750031862,244400
172780.19121674285,3314.4562808269047,150900
224965.05546890918,3519.7991663523394,214000
126345.76951075946,3816.199065467603,150000
143775.5396805162,2670.7910990310675,143000
164252.62581625368,4393.915842549188,137500
156635.1993570658,3673.527081021302,124900
146003.06128535955,2313.3483652007753,143000
287554.4802706759,2563.34093737816,270000
209926.4586028037,2906.3157951723138,192500
181375.24216611506,3529.5456641664086,197500
136966.99135840725,2229.7928820526213,129000
111279.69394269167,2105.649686842409,119900
133480.27015856325,3132.009188575741,133900
159463.7249490028,3030.978051346315,172000
118890.40631250259,5095.2963822717375,127500
159574.81039651178,5159.793131907634,145000
125650.4379446032,866.3947429237804,124000
127291.52238029125,2587.8850142640017,132000
199063.5184644154,1773.7872867249887,185000
162615.25501669358,2093.023618889138,155000
115548.85108567805,1876.268368804525,116500
247440.69879768908,7500.480743505121,272000
165444.25174083753,3196.201879047853,155000
269475.9117711838,6857.719083121568,239000
225600.5872797109,2938.1481779141673,214900
174061.66668408547,2055.965903003245,178900
133954.9493485874,1873.1780835650097,160000
130511.33696974778,1573.3896759703057,135000
70774.98214965615,2215.3488880155255,37900
120381.27623521353,2219.380412283313,140000
75464.91962235377,1558.6310436782242,135000
189781.2045705927,1542.808012349126,173000
124155.7930510395,775.9354899976663,99500
192440.21172580784,2284.0803171880893,182000
176331.43809266048,2737.489998787264,167500
162939.31254173975,2295.150951443904,165000
89901.23917774622,2257.3104582954647,85500
196998.76533879415,3970.2529345081343,199900
114064.3640206131,2136.0161933671698,110000
136902.13442136903,2636.738776816268,139000
174069.80293635372,5737.481250071391,178400
331102.8527547527,6283.283666760089,336000
175264.45230159367,4055.1842245105963,159895
258097.99579771774,2919.0063263404045,255900
129423.70256534743,2359.7025063035558,126000
123260.22530061076,1530.5311643172836,125000
130336.1425306142,2337.1613830102065,117000
434300.5027151942,6901.703169190762,395192
191198.7090944599,6002.240208286277,195000
182726.2530283967,3597.818414078731,197000
317555.57739402767,4841.113148398922,348000
185105.92114417136,9492.812645124555,168000
196855.3090715802,2860.537085315418,187000
168526.02475547208,1307.876239989013,173900
358831.069264033,4422.411873691174,337500
113302.10053472032,2786.035105420593,121600
129649.50882482665,1890.428487925803,136500
162855.47894290855,4755.724485224353,185000
95674.04314065236,2279.170158990344,91000
188087.23291304422,1675.5601201983122,206000
85488.52902728245,1310.738741832248,82000
93478.1781637657,2417.858913222495,86000
249207.91105172536,2748.9361564523892,232000
152650.8179754845,4688.948448199883,136905
187269.66562221712,3482.971220728624,181000
149122.84596435682,2919.979059013803,149900
172717.54065987965,1800.1020682176352,163500
100806.54730259533,1547.9084043015268,88000
242616.8894431921,3802.6256736274954,240000
105212.26358419486,2674.717576536642,102000
126224.30408883664,2941.435066381746,135000
104860.95812388156,2470.767241379427,100000
146989.89413276734,2243.2040197178735,165000
96885.5442299681,1416.3920488192084,85000
126503.32561161128,2807.7520035092557,119200
210351.5616685963,4274.438727088099,227000
243387.17784289524,4751.061562293409,203000
195839.506283977,6495.000974312888,187500
173715.64117681733,2725.4360062957776,160000
193769.3960231114,4117.394474401741,213490
153674.25256282202,2505.403332212466,176000
199820.74134661056,2090.6943807044677,194000
112064.29488437949,2308.7215744471455,87000
189412.84859164042,3637.425584450262,191000
328702.5712708676,5605.870380811463,287000
125768.50533728224,1721.9610908781342,112500
145853.787830785,2153.031797902318,167500
308921.53583656804,14294.11791937732,293077
127309.36245089692,2183.768319647231,105000
116748.72484103593,2099.2210951341226,118000
124192.28078433071,1851.861676603815,160000
208373.01630743794,4809.8401046993185,197000
320321.486904259,7499.637246384943,310000
229259.98826298438,7330.644888746643,230000
117532.4565323205,2505.7676988179514,119750
89425.38892445457,1417.5491818410865,84000
327521.10000555596,6436.782743060694,315500
260710.0123532683,3860.2620957978484,287000
114269.14832618211,3117.401691365165,97000
93935.9603059628,2293.5340754723225,80000
152049.45552134464,4635.976531304559,155000
169623.0820553912,3856.819690416134,173000
191055.46690255546,1624.786747465913,196000
254845.28251111906,7066.097990110176,262280
281886.73297755007,7972.600614505157,278000
131228.8872283664,3072.9144987554077,139600
334743.8742225109,10974.041509540857,556581
146263.52261730446,1705.275407818458,145000
131971.85428492606,1649.1919968307423,115000
108322.3845527743,1503.0814920160615,84900
187364.01970888843,2559.1693908345783,176485
198766.36462541143,4075.8918479430663,200141
174644.01701326997,2909.4713829043058,165000
152447.8266111299,3072.190742935605,144500
267274.61878096353,4006.561459294392,255000
166183.91710249244,3128.064038282301,180000
209453.8015201383,2097.6730230841267,185850
239434.33486018426,1758.2513189768883,248000
351011.83165389206,4090.412093565178,335000
175860.49894667807,5716.770689052396,220000
203403.94355937606,1085.5324946284113,213500
110318.0169325211,1768.8939412891298,81000
139363.43946370523,2134.6646030671504,90000
134637.8206614684,1883.837110455668,110500
147885.9014910765,2054.9890960946127,154000
266927.91264075256,7016.316217001748,328000
173937.96566629384,3520.0570680701585,178000
166365.60747329151,4802.605465143234,167900
166841.37507788607,2393.026293124143,151400
130275.45325254147,2033.7725213949902,135000
125782.90549003452,2276.1550756424094,135000
155316.42232670527,2167.9335091111325,154000
112058.84788791226,1045.674495411724,91500
149913.06567376925,2631.3391439996512,159500
186175.1878192762,2838.6326129797126,194000
172113.09776268477,1959.0203173393447,219500
157386.4423620507,2213.6241431617614,170000
130446.51084128229,2361.862021744094,138800
151688.20587308193,4712.2439641167475,155900
141393.59652423512,1422.278247448381,126000
166610.16029630814,2723.087041878427,145000
129421.63359532032,2849.9796941928585,133000
201710.7783060167,4765.442243025006,192000
154585.4442407181,1837.8290011397087,160000
176450.05262138764,4034.8405775677206,187500
152205.06908772863,1875.9404945712274,147000
106726.67387578452,1585.8720224087149,83500
244773.08051973357,7197.037374411254,252000
164762.4481489208,3801.1013964520675,137500
205542.53614871763,5557.393202785197,197000
82156.61699908678,1452.5690309003023,92900
151843.84714276093,3046.3031986022406,160000
162540.98932432992,2320.182956567438,136500
146945.97621938816,1730.758335656472,146000
130883.43503817216,1875.832819884936,129000
175624.22159530508,3233.260742372559,176432
117034.20493532764,1602.9984960887955,127000
158211.8593305371,2655.5719014636,170000
101615.88837166553,1384.9200949206518,128000
181517.58142794188,4413.792823974,157000
65593.3315306039,3375.0600788700954,60000
116308.25691065635,799.107064656669,119500
129660.12101702139,3615.3737031655864,135000
139290.5775508185,2082.9322554116293,159500
108934.42629914905,1473.218587396699,106000
355850.51537795045,6110.768629129888,325000
200212.86963324336,4410.014922185843,179900
229834.76189975275,7360.929446297359,274725
163608.41933877868,3139.496861967319,181000
306186.7661041988,6027.675853262831,280000
173900.90518291944,2652.398182519864,188000
197788.44878458855,5223.6175394096945,205000
115425.0432405114,1301.3889616943268,129900
135554.35795153514,2101.894169705448,134500
119974.02889997106,2373.3422699133275,117000
310960.7474652411,4768.305646991961,318000
182607.4810096449,2962.276390270241,184100
138463.38970796586,3161.9206133544335,130000
139730.1611387683,3107.697892948021,140000
117372.31840894489,1593.4700103448763,133700
109469.67135199373,2501.1094298299154,118400
219398.37050307245,2862.549369440699,212900
90800.94449292844,2428.932679723622,112000
100160.4998868306,1252.6785918682326,118000
170873.438038349,2556.2405978917486,163900
110896.52992600393,2397.027609351561,115000
209512.8232621597,4027.40685311112,174000
228856.07828619034,4158.13336220995,259000
211582.4380889781,3516.1804804388407,215000
130239.09115909072,1545.8739638009547,140000
159228.15169825594,2971.3863332617884,135000
118418.38441731072,3111.459276658546,93500
139967.10765408902,5443.120622626441,117500
241221.76892971667,3746.4358922758265,239500
171996.3607383023,1739.5594487284131,169000
100159.93646309983,2100.5775546764553,102000
118800.47405742102,3025.659352307528,119000
93865.82007350904,2541.2001821061062,94000
198248.26200978467,2527.7122362634245,196000
127574.85403555093,2248.8758381555967,144000
122071.4910938443,952.5701454321821,139000
188942.35032694438,5231.175583734513,197500
382982.5020825076,6626.975305940968,424870
95795.06180016525,2086.372146277637,80000
88042.8429631098,975.1214805553369,80000
118986.56869284893,2013.6308025580295,149000
178893.42782247253,3105.1183028729124,180000
166734.0456916951,3303.091429701592,174500
118280.1679947361,3147.9281693758726,116900
146909.6403673426,3716.749104887765,143000
124969.79517747529,2288.4876691951854,124000
151950.59107606998,1753.826899931795,149900
197557.40945888267,5070.8330318398275,230000
119522.47229787018,3341.7515940599014,120500
213113.40757207703,5063.2161478953285,201800
195427.8125816194,3636.776380432698,218000
171840.4947290257,3120.8207430187354,179900
214198.2206732719,3839.329447149416,230000
238590.4355467625,3804.237352835326,235128
190706.1228285396,2442.2493483233056,185000
147368.51845495566,3429.66093937946,146000
197038.62361574106,6168.207661639182,224000
126544.01568016197,2869.089337941144,129000
133620.70448819417,3840.6308070110713,108959
179752.7695221196,3287.4240248341066,194000
228828.12410121964,2638.940108730766,233170
241544.35599552287,5959.855242670147,245350
188239.12884572966,2343.480723754332,173000
199442.4945241265,4040.0875552773223,235000
372531.2170589085,10862.20513270314,625000
156803.00897355462,4184.7498741638365,171000
159909.5751707879,2175.5328002472065,163000
153469.25708663467,3253.03416910963,171900
192579.45005922305,3844.4325615826006,200500
195165.56774483147,5109.245927650219,239000
305531.1908700132,7391.9823289269125,285000
128477.57172405024,2161.31149739822,119500
119018.5546493318,2465.2358648505397,115000
126343.15314479508,2163.5305357634484,154900
99681.07132090944,1611.6125368898295,93000
240630.56391853717,8672.785928444291,250000
289093.15109101485,6516.624188028533,392500
353675.3114910502,12210.918513179966,745000
141666.01756981385,3489.8427291725916,120000
194808.5142063435,8993.583956799264,186700
124712.52923341385,2287.038629071967,104900
123947.76228897618,2900.5486089742108,95000
280028.67765026743,5603.189800948166,262000
190476.76881728324,1940.947111659093,195000
198775.58289389365,4675.844399231269,189000
150028.15578971728,5593.638302986178,168000
165009.99812342244,2224.808855060445,174000
127578.61355906178,3239.1641657178234,125000
156888.2949379148,3279.6506747536537,165000
143216.8743260785,2225.2408472025027,158000
157053.25839848237,1919.909985902501,176000
223598.12919939109,4300.057201348496,219210
158686.66423887262,3948.025734515115,144000
179531.79770906357,2393.762487581676,178000
137931.6661951033,2397.8346992631823,148000
101869.78349729677,2769.787660204916,116050
195291.03579519544,2353.4460159815153,197900
122491.54006508894,1251.9543722910082,117000
218227.45822996672,5104.910486752168,213000
152915.23708820157,892.7626072924329,153500
286357.16669558344,6496.58293074162,271900
111591.9436593183,3197.6444542160775,107000
208063.23754087734,4352.55357334994,200000
136570.16036872772,2826.657686459957,140000
286852.1840183668,4845.119190642886,290000
192327.0928145275,3159.941708746807,189000
207057.1880198691,4962.257561636612,164000
94868.09668829203,3173.2178785335295,113000
122290.5160706121,2842.6393068928164,145000
125135.54370189781,2041.6898439102756,134500
112923.10491243911,2704.977997902447,125000
127183.33373642658,2562.6481960618726,112000
218719.9136683612,6253.896637569528,229456
72836.3579212243,2263.7650102114167,80500
94825.85372729476,1830.7592462820396,91500
109773.98785647009,1326.2167152518703,115000
127274.59259451511,1272.9056007298766,134000
162527.7002668554,2379.5261238334538,143000
144438.95387161072,2443.290506590167,137900
201545.24459383058,3418.635854581192,184000
131233.0644709187,1898.5669716589266,145000
211593.71461489584,3813.47618424407,214000
139280.61526470346,1819.822018709685,147000
363563.7244194048,7738.468280344748,367294
135881.69067708455,2432.12065642073,127000
190917.5904542685,5505.086363218219,190000
136883.9438416651,2288.465939128008,132500
100596.57903465463,1039.0177826280785,101800
132102.13118804916,2462.524593887319,142000
105076.45406565272,4196.145647830815,130000
139138.87612024456,1905.8093462633765,138887
184057.01622350403,2002.0235579392088,175500
213779.47125150272,4753.961422411414,195000
131671.41092533708,3314.2360107115346,142500
234981.98360782658,4465.079080007947,265900
207406.80047607867,1243.1613127609246,224900
235291.60788773515,1823.7736812561564,248328
178702.53088963425,4684.36458709641,170000
440832.0568684282,6674.8993355839975,465000
167353.96692429626,2898.468691351113,230000
199794.69439358488,4615.119649631949,178000
181495.9686386459,4386.943895584172,186500
140572.731013348,1472.2420643389955,169900
153104.7324128646,4326.663727393683,129500
119903.49537476456,2667.678999482591,119000
244597.52233184103,6127.280027946458,244000
192888.12347904895,2604.9702922064935,171750
124898.83955179431,1170.199901847395,130000
250254.00439921272,6445.849410410586,294000
187118.74987067297,1849.5698775681838,165400
122193.35174124243,1492.6240099779923,127500
331574.1152419153,6440.40440548463,301500
95358.50174387915,1481.3320072755066,99900
181859.1257232717,1918.84175803706,190000
143785.02604843173,3623.4484745857185,151000
177859.42585261076,3309.1861979219557,181000
120457.97255554148,1263.1965584032332,128900
140137.0884904165,3392.311075643515,161500
152088.01438967054,2740.39830926174,180500
152534.56769222487,3568.080318898519,181000
164040.00072628076,2390.2638237740894,183900
142501.93591439506,4925.571417593693,122000
381667.3329684339,9072.404347478863,378500
308013.9586429322,10567.31989495827,381000
133280.15184468095,2304.0256342012644,144000
228994.32876092364,8361.18541056557,260000
176598.71529242044,5199.408645182439,185750
131524.70597978713,1439.8252717355776,137000
169761.2459721261,3786.8809296244485,177000
136177.26382565466,1754.204535906863,139000
138176.40749256586,1873.146924462778,137000
161412.29873649497,3456.718151507317,162000
196567.0282258468,4876.134824991695,197900
260799.33604685782,4303.898710123021,237000
91458.16932769319,2586.82038049588,68400
220554.425465018,3410.060053654888,227000
193495.84522179587,4231.2236008117,180000
153012.3922475365,2196.7189522164954,150500
139197.06940870598,2790.9620971880217,139000
194814.98366467774,4880.538821407795,169000
117340.06487736167,1656.070128285731,132500
159452.63791202198,3006.7748104509087,143000
164550.40049967155,4260.8521310973265,190000
237639.28770485494,4829.966256001842,278000
278634.39273004804,4315.820041637267,281000
161465.52985391897,3294.270109048406,180500
111686.57646593629,2259.168014355163,119500
135589.6942704723,3881.8614237030993,107500
182188.53334308285,4524.137319240023,162900
123980.57689699279,2244.5325651137255,115000
131420.9743976402,1161.9967542963357,138500
142011.49028907003,2210.9781271530182,155000
135658.27502142376,2839.8133200799016,140000
506085.34509661474,17660.092554493902,160000
155861.4700766426,1307.9241648573416,154000
228965.95118180334,4176.280380534186,225000
158285.12997001567,2603.295402497494,177500
317673.72441997315,6316.074600467569,290000
222276.34516788067,4797.246401812687,232000
166873.6623961416,4048.0376445355155,130000
329657.6462327363,7529.848126274951,325000
199164.1587575802,3561.6275970272327,202500
147472.07016074302,2294.7920584021485,138000
140991.73795817504,4135.309455179906,147000
173344.8248622333,3301.4199284401275,179200
287375.7816014686,7839.516470014015,335000
201906.37365916136,3182.869014751276,203000
312894.42622330005,8947.81577685088,302000
326090.7317630453,6113.66387266092,333168
125180.60235590853,1540.8359374114875,119000
184912.09304418432,2706.134674041875,206900
282112.719265851,4903.170616313603,295493
199672.70158481033,4896.27321880244,208900
284121.5752666577,5112.095432470706,275000
115580.38759980611,1419.5913416303229,111000
153207.14747522277,2259.3029919838864,156500
83849.44393707036,1635.7343573259625,72500
232598.23983246676,3389.8616690224912,190000
89811.22692515784,1248.854806472119,82500
299187.8358517891,3793.2246033287847,147000
66355.3475633479,1303.3507320264453,55000
90713.3690304281,2464.8353423517947,79000
142612.4891659844,3427.2883002199583,130500
162102.28749963947,6402.604297748802,256000
182956.3170699963,2449.542211928707,176500
251417.40042210216,2871.2008649624972,227000
132829.29321933156,460.296720097373,132500
113091.13689884785,1512.6115653176769,100000
118629.49597750521,1917.5712135941524,125500
116397.38085229589,2116.9236692804984,125000
162829.38917064437,2953.6177088184877,167900
146589.6811306205,3578.4889691092467,135000
64449.35493579012,2207.977786254253,52500
221156.23715176008,3198.1655180796924,200000
136321.59999547582,1954.3140531268616,128500
109070.95755264784,1708.0682007504554,123000
157704.25423343986,2798.139176482131,155000
257586.22001061222,4922.6233962482265,228500
159228.89728543258,3715.8531739005257,177000
185150.0261465102,3022.81224718093,155835
88768.3471071182,2859.378874058759,108500
257727.8672942606,10290.419645619975,262500
309986.19411875727,2798.84413856536,283463
244601.59513009945,8460.745330238711,215000
151544.15139864222,4056.0688155858293,122000
171358.5041041504,5518.1601334696,200000
168939.16660037404,2265.328313626739,171000
123392.11617294668,2397.7816354413917,134900
338269.8265977673,6649.370485335644,410000
235142.51239748448,3062.2740044550783,235000
203363.90524308852,4935.136471664682,170000
115450.61455488075,1335.2245108259565,110000
153424.72590824767,1691.8948057646699,149900
160186.50607284755,1628.710887077923,177500
394060.2611517923,4013.3497614830535,315000
175940.12423226525,4044.6675492540294,189000
255901.25435497708,8392.775290487663,260000
133860.9307107914,2618.3606305402964,104900
161800.63269520126,1942.5380137893328,156932
144328.83386400496,4408.971761930524,144152
197908.25443766892,2523.0778788144917,216000
200868.21300127078,2632.1095832434125,193000
143448.00030976595,2861.813380259583,127000
150844.9334387031,4571.554271821994,144000
259307.3208718196,5841.665837543262,232000
120315.5927144635,2824.330137148334,105000
185454.59043979636,3754.717760812555,165500
254525.18752095025,7040.651903808956,274300
401345.73855713283,7863.149665585087,466500
227838.52865961817,7052.179310791927,250000
261624.45262650386,7889.371868703871,239000
97562.83229347628,2503.1165657558327,91000
137431.99888866223,1538.2840356962524,117000
96145.78964457416,2575.1803044037747,83000
151607.96891625848,2187.18472067301,167500
83803.76636568569,2277.664076818765,58500
206659.20927535745,3117.6304108350105,237500
162071.69195056887,4020.7042039736566,157000
155644.65319956443,4819.1856409818,112000
111998.89669579918,2021.3286364752853,105000
113766.48364312963,1761.525686682904,125500
314490.11386073206,17333.290248261856,250000
166344.3044948361,7363.515292768443,136000
333037.1399106727,3540.191795408198,377500
122754.62535704383,2212.8728524788394,131000
232491.11829719384,1748.2031757723898,235000
140395.285187486,3263.3053706638475,124000
127679.91419415791,2348.4376705954464,123000
155838.79234993574,2183.251786426854,163000
236386.1232754273,4130.881669335717,246578
296919.9734767376,4139.936528212667,281213
168162.4280201849,3400.833154314711,160000
124359.50608485544,2696.642033133614,137500
140664.26861458263,2791.4766364948564,138000
165712.37295285953,3379.751662641339,137450
117954.1647449941,2664.30872044571,120000
179068.09961947467,2959.4588717995925,193000
193585.2477956128,2721.1518288556645,193879
231819.0340512726,4503.307087935381,282922
96562.34884692532,3174.6380492295416,105000
255647.79873960422,4024.89568926907,275000
133350.66553371114,2240.7245292653656,133000
113808.15133673717,1691.1227003148374,112000
111657.31334775165,2275.1727253749877,125500
217303.15351976763,5735.985250943291,215000
219824.705736338,2724.0362054315365,230000
153211.51419427354,2563.358730451847,140000
88774.31577788,1153.1014474909005,90000
248180.44266408696,4810.767714957126,257000
175252.9584805052,2330.064924704564,207000
228330.4196532046,4456.38877106216,175900
144610.5393751155,4296.973420754492,122500
332986.2940735277,5463.2787332473135,340000
124801.11330985266,759.1821421229395,124000
205620.83321719937,4807.155797504499,223000
162288.89884944944,2599.2447306038357,179900
144504.19756523595,2469.7504460020423,127500
149142.48328590707,4139.460298012458,136500
185256.41453606417,6350.422694856313,274970
140515.33479408457,2566.612808610257,144000
147648.24797875134,2823.160374613549,142000
271343.9887190991,4697.736950584245,271000
148126.66822411088,3089.0243696005396,140000
116032.68392142295,1869.0947315515566,119000
200098.16070681714,5043.711782969648,182900
178370.54285441426,3040.3629743368087,192140
137979.61555921272,2693.4718649751057,143750
102587.88412621354,1377.0190952996704,64500
182664.864830581,2365.317764767186,186500
156023.77071165005,2086.276715425467,160000
179402.57916611354,3351.120857672841,174000
115856.17347523212,812.1016393906733,120500
392822.7718786352,5600.683439717498,394617
143961.0637556167,3680.6725294164407,149700
183437.2937663167,3698.4667537606306,197000
181949.39452769325,2095.9135288244415,191000
152474.5645625408,4191.405498769327,149300
303044.0019422569,5819.928116253718,310000
101376.7543755046,2571.8041785263777,121000
194201.51261899745,3048.9729469632343,179600
119105.00633750184,1171.4709416588207,129000
146358.02285200547,1656.0067076190694,157900
273817.98323681543,5141.491914489403,240000
117593.33343261946,2009.6460972824364,112000
105460.52570934467,2163.7315576170035,92000
128420.86697712283,2866.338105167197,136000
266819.0902708058,4554.364829556725,287090
124965.41856125664,2627.8727069730207,145000
131473.14523149334,2400.9445792321826,84500
179142.94963755767,3264.125874115904,185000
173045.3624521271,1742.640250820924,175000
203412.78976729227,4311.001101042695,210000
220549.48429503356,6599.61473134468,266500
136916.32644169274,2738.0254773418847,142125
153075.74990949067,2654.393189370212,147500
