Id,SalePrice_true,SalePrice_oof
1,208499.99999999983,192120.68984378505
2,181500.00000000006,177015.1111389881
3,223500.0,203985.84909608765
4,139999.9999999999,179640.46168349113
5,249999.9999999998,289574.68383509456
6,143000.0000000001,155092.95285993133
7,306999.99999999994,284281.26178170234
8,199999.99999999997,234590.0469692647
9,129900.00000000012,136362.74875428382
10,118000.00000000009,122695.45718168777
11,129500.00000000006,128104.43640241503
12,344999.9999999997,413147.674541021
13,144000.0,132352.94362695524
14,279499.9999999999,222567.43577374294
15,156999.99999999994,155959.70289315528
16,131999.9999999999,133222.55253775374
17,149000.0,144914.76218100148
18,90000.00000000001,104731.23231774018
19,158999.99999999997,153917.63487851404
20,139000.00000000003,125356.65674961533
21,325299.9999999999,322858.19247806753
22,139400.00000000006,135584.46465570302
23,230000.0000000001,252038.09753162417
24,129900.00000000012,146212.77164593912
25,153999.99999999988,148121.2921362127
26,256299.99999999997,250715.2064579769
27,134800.0000000001,130371.9521361304
28,305999.9999999998,295769.32266774174
29,207500.0000000001,175103.49554557286
30,68499.99999999999,70410.51118462002
31,40000.0,97593.5665051699
32,149349.99999999994,146459.50965928903
33,179900.00000000006,192206.64687248887
34,165499.99999999988,165226.5895364162
35,277500.0000000001,304081.8598662496
36,309000.00000000006,299882.4414683219
37,145000.00000000012,149924.32177783825
38,152999.9999999999,150960.45572835355
39,109000.0,136614.27119544652
40,82000.0,90157.89715254385
41,159999.99999999997,157355.99120257972
42,170000.00000000012,157370.6945815009
43,144000.0,150635.00296970812
44,130249.9999999999,140032.84694443658
45,140999.99999999994,133565.8447597673
46,319899.99999999994,303794.67595603253
47,239685.99999999997,265282.5190706167
48,249700.00000000017,227202.31600054994
49,112999.99999999993,103621.43119438132
50,126999.99999999991,129117.90086431443
51,177000.00000000006,171449.4663093357
52,114499.99999999991,120129.02862244096
53,109999.99999999991,110902.66026897583
54,385000.00000000023,331205.40518151876
55,130000.00000000009,128227.95150605304
56,180500.0,167259.32232231786
57,172499.99999999985,196355.02752975465
58,196499.99999999997,196356.46001059152
59,438779.9999999998,353241.527285176
60,124899.99999999993,117215.59589574065
61,157999.99999999997,167538.79850786272
62,101000.00000000003,99695.5368265852
63,202500.00000000012,209030.41157242874
64,139999.9999999999,146251.0784588105
65,219500.00000000012,224946.23124918004
66,316999.9999999999,285354.4145645786
67,180000.00000000003,251084.87789685003
68,225999.9999999998,217950.90434998213
69,80000.0,81166.64068486383
70,225000.00000000015,208198.0107416454
71,244000.00000000003,248859.84077961542
72,129500.00000000006,125517.79520624052
73,185000.00000000006,196918.72245225808
74,144900.00000000012,136240.20535848566
75,107400.00000000001,106642.70747188492
76,90999.99999999991,109632.10902426021
77,135750.00000000012,113768.91049645153
78,126999.99999999991,112061.57510762119
79,136500.00000000006,128025.08573014647
80,109999.99999999991,115020.00711786248
81,193499.99999999985,199720.18861838576
82,153500.0,163726.69237992127
83,244999.99999999997,235267.62940410696
84,126500.00000000006,124760.07484685071
85,168500.0,168921.76213682455
86,259999.9999999998,276882.4430038462
87,173999.99999999997,170051.0399632417
88,164500.00000000012,153288.43098902595
89,84999.99999999996,86660.00223625156
90,123600.00000000003,118753.18819280952
91,109900.00000000003,98343.66847335821
92,98600.00000000003,119594.59750920978
93,163499.99999999988,136461.59338190852
94,133899.99999999997,190768.0859501457
95,204750.00000000006,195791.76067180943
96,185000.00000000006,173406.1122215954
97,214000.00000000017,216240.990871501
98,94749.99999999994,127760.16016256802
99,83000.0,89693.51198948798
100,128950.00000000006,112007.30080360679
101,205000.0,207457.70813177418
102,177999.99999999994,172243.16477642444
103,118964.0000000001,111875.63192361445
104,198899.99999999997,192221.48550076465
105,169499.99999999985,156189.17685741733
106,249999.9999999998,232598.03628722165
107,100000.00000000004,93427.10596443407
108,114999.99999999991,99290.6964339085
109,114999.99999999991,124356.96993569705
110,189999.9999999999,204130.95032811287
111,136900.0000000001,143708.30013750252
112,180000.00000000003,172153.2747346082
113,383970.0000000003,319187.9363580373
114,217000.00000000012,193055.55011921082
115,259499.99999999985,207855.05641550812
116,176000.00000000006,144326.2448786402
117,139000.00000000003,127030.95969306643
118,155000.00000000012,142146.02882421744
119,320000.00000000006,278850.2501755038
120,163990.00000000015,170062.06879041067
121,180000.00000000003,156002.3536481822
122,100000.00000000004,100630.97596012123
123,135999.99999999997,129471.37610264403
124,153899.99999999988,158169.81271761388
125,181000.00000000006,158853.6882162906
126,84499.99999999994,102752.45061637423
127,127999.99999999997,140191.28016189276
128,86999.99999999994,98996.79255874948
129,155000.00000000012,144466.31391684653
130,150000.00000000006,139415.15244205002
131,225999.9999999998,222340.88960132987
132,244000.00000000003,217459.40249131183
133,150750.0,145772.30831954334
134,219999.99999999983,219633.1280481484
135,180000.00000000003,172706.18514791547
136,173999.99999999997,183222.49240236965
137,143000.0000000001,145655.18252767628
138,171000.00000000012,208274.0755041063
139,230000.0000000001,244993.66496406504
140,231500.00000000006,197495.82529843104
141,114999.99999999991,103421.39057682856
142,259999.9999999998,245492.41463063445
143,166000.00000000003,125934.48077276317
144,203999.99999999985,225157.2358093462
145,124999.9999999999,148986.05990283345
146,130000.00000000009,152846.65445756557
147,104999.99999999997,102369.18401353226
148,222499.99999999988,211064.1117811022
149,140999.99999999994,151972.82696152464
150,114999.99999999991,101312.21325289931
151,122000.00000000003,137747.0147380569
152,372401.9999999999,319186.5417178016
153,189999.9999999999,191215.75270700039
154,235000.0,180408.69313642953
155,124999.9999999999,113056.55206631453
156,79000.00000000006,93717.15499218075
157,109499.99999999991,109041.3183763587
158,269499.9999999999,262356.6094032118
159,254900.0000000001,219426.84976352067
160,320000.00000000006,290823.36791493726
161,162500.00000000012,161636.57276080592
162,412500.00000000006,421846.311752666
163,219999.99999999983,237690.95453325173
164,103200.00000000009,97601.31750137343
165,152000.00000000006,157214.9431226083
166,127500.00000000001,137467.41116423885
167,189999.9999999999,167925.2065435586
168,325623.9999999999,354126.45537528716
169,183500.00000000006,194211.8702297483
170,228000.00000000003,242668.48604182503
171,128500.00000000004,123118.34626252855
172,215000.0,183037.93494062367
173,239000.00000000003,202375.3654148211
174,162999.99999999988,165597.45531195845
175,184000.00000000015,202279.43525368196
176,243000.00000000003,225281.45733111276
177,210999.99999999994,205596.65944673232
178,172499.99999999985,170763.52912125946
179,501837.00000000023,391837.29472691903
180,100000.00000000004,118811.6048280054
181,177000.00000000006,158545.94113825256
182,200100.00000000017,165974.91676204014
183,120000.00000000004,128219.76940616244
184,199999.99999999997,190013.12287187087
185,126999.99999999991,130557.77353015727
186,474999.99999999977,296853.57144250214
187,172999.9999999999,174344.07581755612
188,134999.99999999997,133664.11349632198
189,153337.00000000003,150599.37803716073
190,286000.00000000023,260079.61915582157
191,315000.0000000002,248192.46194390493
192,184000.00000000015,176202.52525306947
193,191999.99999999997,206216.9546625426
194,130000.00000000009,164239.61428637974
195,126999.99999999991,124439.75994412198
196,148499.99999999988,158360.37215172942
197,311872.00000000006,283905.14767550764
198,235000.0,277334.1527939739
199,104000.00000000003,134434.34517251857
200,274900.00000000006,291178.792097057
201,139999.9999999999,130436.69860102909
202,171500.0,164461.26243145272
203,112000.00000000004,115155.25874793985
204,149000.0,147721.22387560195
205,109999.99999999991,112284.82461476554
206,180500.0,180297.48225970278
207,143900.00000000003,137809.41851256092
208,140999.99999999994,131856.94106501763
209,276999.9999999998,262271.4024498158
210,145000.00000000012,137792.90052590994
211,98000.00000000003,96304.70402647849
212,186000.00000000012,172868.83859367526
213,252678.00000000023,231810.1069256155
214,156000.0,153321.8177629166
215,161750.00000000003,152294.5610615669
216,134450.0,140824.46307326687
217,210000.0,207645.23109441865
218,107000.00000000003,89683.79104699346
219,311500.0000000001,219205.08373401032
220,167240.00000000015,171385.39635867614
221,204899.99999999985,202901.01217334947
222,199999.99999999997,201964.05763334924
223,179900.00000000006,171238.84243106423
224,96999.99999999999,117781.44608615997
225,386250.0000000001,368163.0224630797
226,112000.00000000004,106461.38338550071
227,289999.9999999999,250555.74425341023
228,106000.00000000001,104099.59007676666
229,124999.9999999999,123664.87326030071
230,192499.99999999997,191613.82150675662
231,148000.00000000015,139638.31740020285
232,402999.9999999999,329814.38645266637
233,94499.99999999996,103945.23330643165
234,128199.99999999996,130020.09874486388
235,216500.00000000006,209691.84507522164
236,89500.00000000003,94581.70340812267
237,185499.99999999994,199317.2214529435
238,194500.0,204956.03568716225
239,318000.0,237583.51102940628
240,112999.99999999993,133666.7491968648
241,262500.00000000023,242509.52203208726
242,110500.00000000001,101713.733093072
243,79000.00000000006,99065.94644551436
244,120000.00000000004,140935.11551302348
245,205000.0,244684.99227880975
246,241500.0,226161.9600110343
247,136999.9999999999,149048.47143656824
248,139999.9999999999,160075.62545726073
249,180000.00000000003,184917.75187446843
250,276999.9999999998,234486.18325717683
251,76499.99999999996,83387.46339555504
252,235000.0,255872.1141475238
253,172999.9999999999,166284.93290979476
254,157999.99999999997,164758.17721671358
255,145000.00000000012,137530.02472233423
256,230000.0000000001,225879.53163123052
257,207500.0000000001,180121.52332593972
258,219999.99999999983,224110.5105298794
259,231500.00000000006,226081.23706682853
260,96999.99999999999,99041.5151524273
261,176000.00000000006,173683.3929216215
262,276000.0000000002,327433.75951472804
263,151000.00000000006,149136.60751026144
264,130000.00000000009,125821.18710549152
265,73000.00000000003,100744.07047191079
266,175500.0,183522.00010605273
267,185000.00000000006,180673.52236851884
268,179500.00000000015,162317.44370640826
269,120499.99999999996,114768.29283011697
270,148000.00000000015,166009.93662678706
271,265999.9999999998,248888.68871187564
272,241500.0,194369.320371122
273,289999.9999999999,282010.1729932401
274,139000.00000000003,178921.8530302497
275,124500.00000000003,129962.75801911355
276,205000.0,177619.8898890856
277,200999.99999999997,202188.7073038073
278,140999.99999999994,110036.95577920954
279,415298.0000000002,369999.084730421
280,191999.99999999997,206305.99786723332
281,228500.00000000003,222153.39500183478
282,185000.00000000006,168184.00150045182
283,207500.0000000001,198391.541665684
284,244600.00000000006,237021.93184435015
285,179200.0000000001,183033.21430357476
286,164700.0000000001,150834.6982757004
287,158999.99999999997,182105.91197304154
288,87999.99999999996,92588.19534765699
289,122000.00000000003,117898.16360477742
290,153575.0,139624.6673538092
291,233230.0000000001,247235.02667812086
292,135900.0000000001,126413.1889731923
293,130999.99999999997,138963.61580610898
294,235000.0,231449.10620570177
295,167000.0000000001,183856.84305484683
296,142500.00000000012,143676.05754527132
297,152000.00000000006,132446.00698569897
298,239000.00000000003,211959.439210466
299,175000.00000000012,185853.125101492
300,158499.99999999997,147121.61408035233
301,156999.99999999994,142321.3044252096
302,267000.0,272999.2507015295
303,205000.0,213357.5685791268
304,149900.0,132032.80595421873
305,294999.9999999998,271772.1202270406
306,305899.99999999977,283253.3340358474
307,225000.00000000015,233981.53252515622
308,89500.00000000003,104517.336953651
309,82500.00000000001,112996.80394760885
310,360000.0000000001,384288.4514977064
311,165600.0000000001,165169.33231984064
312,131999.9999999999,136394.75834394176
313,119899.9999999999,128935.3499376266
314,375000.00000000006,244799.16543405683
315,177999.99999999994,174214.77739118534
316,188500.00000000003,189117.2747523403
317,259999.9999999998,272927.72719787323
318,270000.00000000006,241849.901123422
319,259999.9999999998,290707.9143046683
320,187500.0,201511.72300038123
321,342643.0000000001,345745.3428414415
322,353999.99999999977,326235.7600077484
323,301000.00000000023,277798.75557368936
324,126174.9999999999,116323.5915530371
325,242000.00000000017,252963.56483500625
326,86999.99999999994,84104.38038773734
327,323999.9999999999,267135.5546124884
328,145249.99999999994,152527.38336853194
329,214499.99999999985,160880.72177594944
330,77999.99999999994,86617.0222336037
331,118999.99999999993,148477.77455476625
332,139000.00000000003,132115.9885393376
333,284000.00000000023,305066.96505210316
334,206999.99999999994,196169.2972712644
335,191999.99999999997,198683.9525473076
336,228949.99999999988,183489.20156755034
337,377426.0000000002,338979.50670211995
338,214000.00000000017,227674.5472564114
339,202500.00000000012,218845.73881089222
340,155000.00000000012,149367.6550641827
341,202900.0000000001,232320.61423618457
342,82000.0,78241.48055297785
343,87500.00000000007,89542.10823683083
344,265999.9999999998,280910.6783454994
345,84999.99999999996,93690.34345678212
346,140200.00000000003,133464.48908824797
347,151499.99999999997,132778.4405545648
348,157500.00000000006,184743.92560425506
349,153999.99999999988,187464.10109883998
350,437153.99999999977,461957.59364392946
351,318061.0000000001,283743.5904280675
352,189999.9999999999,207064.98084771333
353,95000.00000000001,99129.00256036164
354,105900.00000000006,114032.72798158687
355,139999.9999999999,161961.04693924097
356,177500.00000000015,176796.16564581194
357,172999.9999999999,162306.5912770013
358,133999.9999999999,147863.33997278908
359,130000.00000000009,123672.10385855703
360,280000.0,275742.0943295137
361,156000.0,149929.94154927132
362,145000.00000000012,132676.40755285666
363,198500.00000000006,183670.93254023645
364,118000.00000000009,114728.28871080844
365,189999.9999999999,177000.2033610596
366,146999.99999999988,126214.46134529068
367,158999.99999999997,169963.68022621225
368,165000.00000000015,163370.56170225292
369,131999.9999999999,137809.8894833856
370,162000.00000000012,161833.49236611222
371,172400.00000000012,174058.8620007549
372,134432.00000000003,117613.95878855723
373,124999.9999999999,122884.01663541104
374,123000.00000000009,121652.09028935031
375,219500.00000000012,207267.16480016467
376,60999.999999999956,76771.23875211063
377,148000.00000000015,137785.75522334685
378,339999.99999999994,278570.65818016656
379,394432.00000000006,318619.8230227143
380,178999.99999999994,176443.3217440806
381,126999.99999999991,139429.92643986418
382,187749.9999999999,191603.00090747437
383,213499.99999999994,206432.38612717856
384,76000.0,81978.66576511163
385,240000.00000000003,238549.36495833093
386,191999.99999999997,192202.13844772437
387,81000.00000000007,99292.23487245262
388,124999.9999999999,145142.41492605553
389,191000.00000000015,192193.23959240704
390,426000.0000000002,461133.87383907667
391,118999.99999999993,133610.07519669848
392,215000.0,212145.80170015394
393,106499.99999999996,108547.21928148299
394,100000.00000000004,91094.7849496834
395,109000.0,113772.01550863759
396,129000.0000000001,141280.0563804068
397,123000.00000000009,123967.3538579006
398,169499.99999999985,148468.4835614416
399,67000.0,82600.80137160356
400,241000.00000000003,185590.45942646902
401,245499.99999999988,221483.25590815642
402,164989.99999999988,181104.1828959449
403,108000.00000000001,109353.67912971652
404,258000.00000000015,230905.16439790963
405,167999.9999999999,165168.8075857871
406,150000.00000000006,153468.25680497725
407,114999.99999999991,137269.04607470977
408,177000.00000000006,154351.5500671788
409,280000.0,259195.45616976326
410,339749.9999999999,273436.616173816
411,60000.000000000015,112169.75933671101
412,145000.00000000012,144801.42445351183
413,221999.99999999983,233340.15136610848
414,114999.99999999991,108644.29811538012
415,228000.00000000003,225448.61866260107
416,181134.00000000003,184745.19060054456
417,149500.00000000012,150451.71965824594
418,239000.00000000003,222235.27849675642
419,125999.99999999993,116192.58902077428
420,142000.0,134375.24324086818
421,206299.99999999988,203267.61887149158
422,215000.0,215748.60581298624
423,112999.99999999993,119049.00441233299
424,315000.0000000002,307603.29922144377
425,139000.00000000003,148452.58928158073
426,134999.99999999997,136954.27880411813
427,275000.0000000002,254808.39669922786
428,109008.00000000007,111408.63021931385
429,195400.0,194277.4058406391
430,175000.00000000012,184032.10272898426
431,85399.99999999996,100752.24966557075
432,79899.99999999997,115761.84271855664
433,122499.99999999996,125454.73018976909
434,181000.00000000006,172225.6059897976
435,81000.00000000007,97093.53199454579
436,212000.00000000017,213089.69049288266
437,116000.0000000001,105102.73809839367
438,118999.99999999993,114714.83703406373
439,90349.99999999994,113305.1529300813
440,109999.99999999991,141192.54086837458
441,555000.0000000002,443441.11477641034
442,118000.00000000009,119458.8217265922
443,162900.0000000001,143119.5563140724
444,172499.99999999985,200136.4506728038
445,210000.0,223173.27288674374
446,127500.00000000001,160558.97174948402
447,189999.9999999999,214833.085564925
448,199899.99999999997,201154.99081510486
449,119500.00000000009,122329.18870048142
450,120000.00000000004,107915.14643038015
451,109999.99999999991,111375.84986831836
452,280000.0,211335.42469888815
453,203999.99999999985,191905.32768676276
454,210000.0,198229.58013753552
455,188000.00000000012,157532.21632119824
456,175500.0,168871.28715409772
457,98000.00000000003,101141.8634771279
458,255999.99999999985,205899.61079041119
459,161000.00000000006,167973.3796699292
460,109999.99999999991,121877.89344201483
461,263434.99999999994,227971.2359204709
462,155000.00000000012,158814.38154679132
463,62383.000000000044,120594.99243264222
464,188699.99999999988,158765.52141519153
465,124000.00000000007,112945.83461232492
466,178739.99999999997,170433.08747994291
467,167000.0000000001,179869.10047415516
468,146500.00000000006,153370.0048754234
469,249999.9999999998,239474.31213424407
470,187000.00000000012,177810.26784115803
471,212000.00000000017,226337.89564871165
472,189999.9999999999,191013.59910132937
473,148000.00000000015,136104.4012318415
474,440000.0000000002,354924.84161480784
475,250999.99999999988,235900.0321807697
476,132499.9999999999,137730.48527930974
477,208900.00000000017,205867.21055333258
478,379999.9999999999,373031.7304686778
479,297000.0000000002,292676.51186088374
480,89471.00000000004,114514.91595488667
481,326000.0,352532.0475048552
482,373999.99999999977,363699.14359931916
483,155000.00000000012,177414.62049730655
484,163999.99999999988,156074.8117904761
485,132499.9999999999,140244.52057200647
486,146999.99999999988,147175.34658102278
487,156000.0,138460.32603386504
488,175000.00000000012,173041.6898478599
489,159999.99999999997,142121.57105666318
490,86000.00000000001,110031.02532748994
491,114999.99999999991,118509.40599521284
492,133000.00000000012,157598.906869093
493,172785.00000000015,152678.7444838075
494,155000.00000000012,137028.0048061339
495,91299.99999999996,102725.04361183922
496,34899.99999999998,72835.05899823933
497,430000.00000000023,311158.01357375976
498,184000.00000000015,167947.38936853776
499,130000.00000000009,134260.6609813279
500,120000.00000000004,124684.20403102515
501,112999.99999999993,113867.99750579354
502,226700.0000000002,186662.01966681133
503,139999.9999999999,146171.0834814096
504,288999.9999999999,231232.55719077872
505,146999.99999999988,144469.37568207982
506,124500.00000000003,135254.83713940627
507,215000.0,227882.3321285535
508,208300.00000000003,172840.76330119304
509,161000.00000000006,161995.14777358627
510,124500.00000000003,132989.88646929144
511,164900.00000000006,164341.6641222075
512,202665.00000000015,186314.55694833063
513,129900.00000000012,122001.80540596035
514,133999.9999999999,144430.08702361747
515,96500.00000000003,92256.67530206234
516,402860.9999999999,410109.8765306348
517,157999.99999999997,172993.27879497808
518,265000.00000000006,250207.54950630752
519,210999.99999999994,193182.45600447225
520,233999.9999999999,217218.41855003306
521,106249.99999999999,89993.93363920425
522,150000.00000000006,156854.25445340862
523,158999.99999999997,150961.24842253173
524,184750.00000000006,572108.1985059421
525,315749.9999999999,280121.5265821568
526,176000.00000000006,169765.7564294025
527,131999.9999999999,126895.85821930207
528,446261.0000000001,470549.5655668377
529,86000.00000000001,100271.8900615028
530,200624.0000000001,219005.60047775926
531,175000.00000000012,202697.22854191053
532,127999.99999999997,132137.53132290996
533,107500.00000000003,113469.15971233376
534,39299.99999999996,65215.71667310269
535,177999.99999999994,199056.62520602072
536,107500.00000000003,139694.08793379075
537,188000.00000000012,190864.93133254367
538,111250.00000000006,121724.30383247379
539,157999.99999999997,135869.583024532
540,271999.9999999999,249947.51693152366
541,315000.0000000002,355452.76524234
542,248000.0000000002,248625.67076345338
543,213250.00000000012,223905.21298162732
544,133000.00000000012,143156.70521731974
545,179664.99999999988,202806.31768580683
546,229000.00000000006,236956.20125079862
547,210000.0,171433.48467702055
548,129500.00000000006,133166.09171737722
549,124999.9999999999,123271.57789213677
550,263000.0000000002,216641.88242178102
551,139999.9999999999,139383.29293191116
552,112500.00000000004,116924.83804344926
553,255499.99999999985,241868.60240927967
554,108000.00000000001,114341.96260555707
555,284000.00000000023,255073.46458722977
556,112999.99999999993,109139.19732375523
557,140999.99999999994,140326.92144807422
558,108000.00000000001,120150.83544432088
559,175000.00000000012,196049.4957229284
560,233999.9999999999,186789.29938428727
561,121500.00000000007,167127.9038959733
562,170000.00000000012,169395.2582874988
563,108000.00000000001,124972.58871929868
564,185000.00000000006,182472.6224265481
565,267999.99999999977,260595.83074329485
566,127999.99999999997,138844.21055440695
567,324999.9999999999,292442.71450198203
568,214000.00000000017,199063.02455862713
569,316600.0000000002,290627.9728364631
570,135960.00000000006,145952.54042835446
571,142599.9999999999,154257.7902309428
572,120000.00000000004,120692.85585757717
573,224499.99999999985,199421.60437729824
574,170000.00000000012,173740.98884806302
575,139000.00000000003,120350.69135183645
576,118500.00000000009,114937.53490396602
577,145000.00000000012,159740.25372877112
578,164500.00000000012,151547.23570648354
579,145999.99999999997,142655.86790902898
580,131499.99999999997,131411.23515834115
581,181899.99999999988,183234.18558515568
582,253293.00000000017,318555.5185104097
583,118500.00000000009,121053.28171714745
584,324999.9999999999,223447.98206371412
585,133000.00000000012,124206.41618563219
586,369899.9999999998,344103.3102425098
587,130000.00000000009,136054.91735941774
588,136999.9999999999,135326.58035634932
589,143000.0000000001,206240.1433814223
590,79500.00000000004,93566.81641899957
591,185900.00000000012,182433.58484563557
592,451950.00000000006,479699.1154994294
593,138000.00000000006,135877.38536477476
594,139999.9999999999,144595.80470835412
595,109999.99999999991,120750.4659904212
596,319000.0,318963.3883556194
597,114503.99999999991,115188.0354788347
598,194200.99999999997,200494.06183121898
599,217499.9999999998,199531.83815337435
600,151000.00000000006,151368.50018075248
601,275000.0000000002,268454.06169485644
602,140999.99999999994,133338.66819267228
603,219999.99999999983,229303.49291905973
604,151000.00000000006,146243.9191226601
605,221000.00000000006,226974.0301077146
606,205000.0,200114.86860016832
607,152000.00000000006,156115.9398750122
608,225000.00000000015,184100.09779690419
609,359099.9999999999,259184.69599704212
610,118500.00000000009,113746.01181369777
611,312999.9999999999,344388.6454427313
612,148000.00000000015,152064.31772479322
613,261500.00000000012,268686.7519172111
614,146999.99999999988,127189.34692301141
615,75500.00000000006,90571.28094216262
616,137500.00000000012,143358.95612301718
617,183199.99999999997,180673.40669951227
618,105499.99999999993,119660.80392561683
619,314813.00000000006,281666.9269573068
620,304999.99999999977,340731.2138028531
621,67000.0,76790.12637689571
622,240000.00000000003,220201.12888327983
623,134999.99999999997,129119.7933789692
624,168500.0,158548.446377881
625,165150.0000000001,168663.407894181
626,159999.99999999997,134455.1922040634
627,139900.0000000001,141672.70378970623
628,152999.9999999999,173795.49302031883
629,134999.99999999997,169047.0271741075
630,168500.0,165603.2798608587
631,124000.00000000007,124223.45980238335
632,209499.9999999999,224296.5818442226
633,82500.00000000001,171212.64993664218
634,139400.00000000006,128284.03870932227
635,144000.0,141064.98263601653
636,199999.99999999997,155071.97706950523
637,60000.000000000015,62790.19012215643
638,93000.00000000007,111694.07510141462
639,84999.99999999996,101412.28669253801
640,264560.99999999994,275621.38052169146
641,273999.99999999994,276916.55674994795
642,225999.9999999998,224775.07619040005
643,344999.9999999997,339435.59303798893
644,152000.00000000006,153562.75772158516
645,370878.00000000006,317872.25456326164
646,143250.0000000001,134415.86250394004
647,98299.99999999996,109216.69224863169
648,155000.00000000012,151847.59228562386
649,155000.00000000012,165017.9460470928
650,84499.99999999994,88054.30448107843
651,205950.00000000012,177413.89084561958
652,108000.00000000001,119780.5244566745
653,191000.00000000015,193846.34783374672
654,134999.99999999997,133103.08037974572
655,349999.9999999997,334870.94916155085
656,87999.99999999996,93015.02458751018
657,145500.0000000001,148133.81681866443
658,149000.0,157614.0607166997
659,97500.0,151961.66827729295
660,167000.0000000001,169061.99553390918
661,197900.0000000001,198099.23821902528
662,402000.0000000001,344514.22041323234
663,109999.99999999991,157657.192191135
664,137500.00000000012,142845.07206997008
665,423000.0,313692.9673643697
666,230500.0,243286.93444805808
667,129000.0000000001,196818.0537722939
668,193499.99999999985,200580.05604033216
669,167999.9999999999,165355.02474632428
670,137500.00000000012,101959.97353925723
671,173499.99999999985,169333.58281489837
672,103600.0,115606.15680217936
673,165000.00000000015,174544.99523097838
674,257500.00000000006,219721.94826189484
675,139999.9999999999,150390.97183883117
676,148499.99999999988,158453.81031627633
677,86999.99999999994,119514.62735039784
678,109499.99999999991,107929.21766990528
679,372499.9999999998,330961.0182280985
680,128500.00000000004,130685.57724606726
681,143000.0000000001,134701.9887965397
682,159433.99999999988,117738.00712559544
683,172999.9999999999,166584.83617298582
684,284999.99999999994,294658.5089634196
685,221000.00000000006,203294.9511801713
686,207500.0000000001,225783.59138166692
687,227875.0,194845.18294844442
688,148800.00000000003,149227.6630133988
689,392000.0,242799.19008683768
690,194699.99999999983,178952.05376324838
691,140999.99999999994,154734.83247599754
692,755000.0000000005,347554.2614450463
693,334999.9999999998,284452.88636621035
694,108480.00000000001,114925.8283343183
695,141500.0000000001,121970.38379303378
696,176000.00000000006,170122.4342521533
697,89000.00000000004,94581.47961702824
698,123500.0,137864.11962830892
699,138499.9999999999,138359.19277033166
700,196000.0000000001,173808.58458096924
701,312500.00000000023,322287.31568037206
702,139999.9999999999,148066.5607107617
703,361918.99999999977,335715.7657123658
704,139999.9999999999,149219.60861967882
705,213000.00000000015,218002.6673370292
706,55000.00000000004,72729.49567963308
707,302000.00000000006,258021.91488755218
708,254000.0000000002,215372.79096876684
709,179540.0,179497.82759799276
710,109900.00000000003,105120.50290486804
711,52000.000000000044,85457.45145267292
712,102775.99999999994,109395.10377891672
713,188999.99999999988,214743.60367801765
714,129000.0000000001,120964.10574293463
715,130499.99999999996,175944.80529210443
716,165000.00000000015,148782.5561273214
717,159499.9999999999,196585.39490352472
718,156999.99999999994,162064.9378684698
719,341000.0000000002,309972.37665701384
720,128500.00000000004,140672.03262477063
721,275000.0000000002,278914.3748429214
722,143000.0000000001,145256.0087047504
723,124500.00000000003,119207.39786813266
724,134999.99999999997,131984.9314522723
725,320000.00000000006,340583.6746743117
726,120499.99999999996,120018.95921666478
727,221999.99999999983,218987.97949867713
728,194500.0,183413.09136532317
729,109999.99999999991,149089.4863197962
730,103000.00000000001,91291.16207297402
731,236499.99999999983,251051.64179938924
732,187500.0,190454.01979891933
733,222499.99999999988,245973.39121686207
734,131399.99999999997,140563.80042526496
735,108000.00000000001,110053.12907400545
736,162999.99999999988,180306.6919264178
737,93500.00000000009,88632.28218727358
738,239900.0000000001,233744.32131753815
739,178999.99999999994,140702.39206275964
740,189999.9999999999,193605.62150294406
741,131999.9999999999,120563.36409176225
742,142000.0,142682.3768077346
743,178999.99999999994,169550.07722750213
744,175000.00000000012,161649.17650492588
745,180000.00000000003,221773.5775112576
746,299800.0000000001,351482.1825959843
747,235999.9999999999,232510.14189683847
748,265978.9999999998,235384.67283822456
749,260400.00000000003,234845.25117581597
750,98000.00000000003,91511.41789324196
751,96500.00000000003,86561.44140072491
752,162000.00000000012,160748.13236795974
753,217000.00000000012,198315.56952086708
754,275500.0,259186.25176019574
755,156000.0,144558.54488732346
756,172499.99999999985,138856.23583342767
757,212000.00000000017,211709.28498583846
758,158899.9999999999,137505.6719586373
759,179399.99999999994,156258.09416320443
760,289999.9999999999,283733.4113806787
761,127500.00000000001,117367.124817648
762,100000.00000000004,114583.41869461686
763,215199.99999999983,184105.12702350965
764,337000.0,306075.8306078052
765,270000.00000000006,246499.1196816747
766,264132.00000000023,273970.1205758338
767,196499.99999999997,187003.31165125087
768,159999.99999999997,190774.0696346967
769,216837.00000000006,231533.94227785512
770,537999.9999999998,329988.96494933934
771,134899.99999999988,133417.9946484641
772,102000.00000000001,120493.03277835945
773,107000.00000000003,142395.5710777177
774,114499.99999999991,118756.78454594592
775,395000.00000000035,268917.4867200161
776,162000.00000000012,162207.96530835915
777,221500.0000000002,232151.60166328386
778,142500.00000000012,136481.82170173211
779,144000.0,132484.38487956708
780,134999.99999999997,149967.38253822745
781,176000.00000000006,168619.58966195857
782,175900.0000000001,169154.4810405916
783,187100.00000000006,188579.40380965342
784,165499.99999999988,163724.00653342568
785,127999.99999999997,134635.76276792705
786,161499.99999999985,160021.7843752506
787,139000.00000000003,131487.1302068651
788,233000.0000000001,228177.75185411147
789,107899.9999999999,106637.09318965572
790,187500.0,204376.99149684174
791,160200.00000000003,170573.65943091956
792,146800.0000000001,151916.3712911701
793,269789.9999999998,235479.83823466738
794,225000.00000000015,215428.17544960143
795,194500.0,194644.20491335916
796,171000.00000000012,156918.9419333044
797,143500.0000000001,138155.1389613141
798,109999.99999999991,105722.1413187277
799,484999.99999999965,421282.37528864143
800,175000.00000000012,151459.41399565057
801,199999.99999999997,188156.2528090925
802,109900.00000000003,124301.60844366129
803,188999.99999999988,187038.9657800306
804,582932.9999999995,424248.095781433
805,118000.00000000009,117283.89148456858
806,227679.99999999994,202943.9448757378
807,135500.00000000003,128292.80657761167
808,223500.0,193803.55270473487
809,159950.00000000006,147405.7511872476
810,106000.00000000001,132697.84214063623
811,181000.00000000006,191202.45842834833
812,144499.99999999994,158556.7210980612
813,55992.99999999998,97568.92548109686
814,157899.9999999999,155706.30148108152
815,116000.0000000001,128784.65322137742
816,224900.00000000012,200850.84994645417
817,136999.9999999999,129426.264251481
818,271000.0000000002,290591.23101730295
819,155000.00000000012,142904.39696285164
820,224000.0,222374.39855822836
821,183000.00000000012,181036.82925175922
822,93000.00000000007,89770.45291144737
823,225000.00000000015,197656.62849195176
824,139499.9999999999,148212.10226354582
825,232599.9999999998,222566.55340701537
826,385000.00000000023,453440.7755543278
827,109499.99999999991,93951.44630146533
828,188999.99999999988,193183.56174554114
829,185000.00000000006,177086.60068501224
830,147399.99999999988,145510.9830353896
831,166000.00000000003,171946.15591737107
832,151000.00000000006,144725.08930896656
833,237000.00000000003,227004.579144829
834,167000.0000000001,170149.61183929787
835,139950.0000000001,132353.56060853327
836,127999.99999999997,133862.1468920853
837,153500.0,148209.751741717
838,100000.00000000004,107024.60757856998
839,144000.0,149435.16894576987
840,130499.99999999996,129318.21414295699
841,139999.9999999999,116834.87497645986
842,157500.00000000006,146075.30733374495
843,174900.00000000006,152377.53210265984
844,140999.99999999994,129548.64856141713
845,153899.99999999988,145068.55524593728
846,171000.00000000012,181941.8159892927
847,213000.00000000015,202009.79375376066
848,133500.00000000003,133817.79855871873
849,240000.00000000003,209574.11785140488
850,187000.00000000012,176076.98433599446
851,131499.99999999997,146663.45997101633
852,215000.0,199140.86864179352
853,163999.99999999988,158771.24452428185
854,157999.99999999997,172764.67061232272
855,170000.00000000012,127229.32036476649
856,126999.99999999991,146048.3052957816
857,146999.99999999988,146908.0650922941
858,173999.99999999997,151088.57243462722
859,152000.00000000006,153350.039910017
860,249999.9999999998,206000.74699695894
861,189950.00000000015,164374.24098348583
862,131499.99999999997,132216.89297508023
863,152000.00000000006,137404.92076142124
864,132499.9999999999,132802.34049011607
865,250580.0000000001,183673.69605227147
866,148499.99999999988,132941.1657424441
867,248900.00000000003,257048.58649848663
868,129000.0000000001,137750.22692575442
869,169000.00000000012,158945.4380196268
870,235999.9999999999,230538.61775132435
871,109499.99999999991,104363.9372748029
872,200499.99999999988,181760.5221233857
873,116000.0000000001,125617.453556499
874,133000.00000000012,131850.88559382208
875,66500.00000000006,102755.62872170577
876,303477.0000000001,288299.2280914546
877,132250.00000000006,137600.41048193435
878,349999.9999999997,337457.00119486626
879,148000.00000000015,153389.13201878913
880,136500.00000000006,136517.20951468687
881,156999.99999999994,154447.31334823114
882,187500.0,215322.66862753997
883,177999.99999999994,165742.36701183234
884,118500.00000000009,126061.84041682893
885,100000.00000000004,116922.42582362959
886,328900.0000000001,262263.204475125
887,145000.00000000012,157799.7143834834
888,135500.00000000003,141203.7521353169
889,267999.99999999977,295604.1875317371
890,149500.00000000012,180942.76085987198
891,122899.99999999996,124310.75354154999
892,172499.99999999985,168841.12297285776
893,154500.00000000012,141206.63919669404
894,165000.00000000015,157220.5544240952
895,118858.00000000009,114708.0324747656
896,139999.9999999999,172035.916621169
897,106499.99999999996,97435.884663827
898,142952.99999999997,133070.8299352332
899,611657.0000000003,488562.2979224769
900,134999.99999999997,136506.24266453178
901,109999.99999999991,111841.74631987544
902,152999.9999999999,138124.59973978382
903,180000.00000000003,180102.159980204
904,240000.00000000003,222660.92706466414
905,125500.00000000006,120637.39966515591
906,127999.99999999997,120985.53267754507
907,255000.0000000001,258929.11104535274
908,249999.9999999998,218749.25662852332
909,130999.99999999997,133345.0446990517
910,173999.99999999997,167995.2298162632
911,154299.99999999997,150177.0000135431
912,143500.0000000001,152013.64167456367
913,87999.99999999996,100631.28310086207
914,145000.00000000012,155048.3470668203
915,173733.0,158318.11251116422
916,75000.00000000004,92446.34381917959
917,35311.00000000002,73126.05517434517
918,134999.99999999997,140078.57724207165
919,238000.0,264144.33419283945
920,176500.00000000015,182973.41729520675
921,200999.99999999997,191120.32883164476
922,145899.99999999994,168218.7631344234
923,169990.00000000006,180452.9384016628
924,192999.99999999985,190485.75631895047
925,207500.0000000001,198453.54884343842
926,175000.00000000012,161012.43145787108
927,284999.99999999994,282610.02361327916
928,176000.00000000006,194720.68024901886
929,236499.99999999983,255208.6527716878
930,221999.99999999983,232640.13632285665
931,200999.99999999997,226070.34803262123
932,117499.99999999996,120295.88759875245
933,320000.00000000006,318286.7351094411
934,189999.9999999999,198241.29957493235
935,242000.00000000017,222020.80813882113
936,79899.99999999997,96561.8728385096
937,184899.99999999997,186935.84794951905
938,253000.0000000001,229541.45982379906
939,239799.0000000001,256689.73952860164
940,244400.00000000017,206444.4672864777
941,150900.00000000003,182999.10392950542
942,214000.00000000017,228081.55758438507
943,150000.00000000006,134176.4098951407
944,143000.0000000001,132015.10593401117
945,137500.00000000012,152115.8625386185
946,124899.99999999993,147153.50213878395
947,143000.0000000001,144304.83542392927
948,270000.00000000006,281543.02369224245
949,192499.99999999997,198439.26895108036
950,197500.0,181404.8872778964
951,129000.0000000001,133653.34225908216
952,119899.9999999999,115666.69829703773
953,133899.99999999997,132545.613171408
954,171999.99999999988,159490.4067777651
955,127500.00000000001,124819.41724695981
956,145000.00000000012,158215.18253727097
957,124000.00000000007,124915.29211115625
958,131999.9999999999,128897.18294628366
959,185000.00000000006,189660.20190624893
960,155000.00000000012,162567.99397569516
961,116499.99999999991,124024.88790433774
962,271999.9999999999,232964.2474997082
963,155000.00000000012,174704.4936415793
964,239000.00000000003,273274.6726361018
965,214899.99999999983,215070.62865661114
966,178899.9999999999,169948.84679740967
967,159999.99999999997,137772.93381532322
968,134999.99999999997,129490.82901418717
969,37900.000000000015,68769.35960220263
970,139999.9999999999,120764.41512237005
971,134999.99999999997,84146.43854697181
972,172999.9999999999,179555.01586609808
973,99500.00000000001,125795.56842505038
974,182000.00000000003,185716.06894935496
975,167499.99999999997,180715.17617440358
976,165000.00000000015,168346.15032892535
977,85500.00000000006,91962.1350077179
978,199899.99999999997,183812.91142293008
979,109999.99999999991,115065.85371599793
980,139000.00000000003,139132.23865262142
981,178400.00000000006,181717.55527002967
982,336000.00000000006,317344.3118894379
983,159894.9999999999,177339.74587459886
984,255900.00000000006,240055.69066152195
985,125999.99999999993,127393.31581167027
986,124999.9999999999,126380.62933610567
987,116999.99999999991,124265.93149641757
988,395191.9999999999,424538.74774980085
989,195000.00000000006,192955.30802807995
990,197000.00000000015,175842.89939246472
991,348000.0000000002,303959.8965612776
992,167999.9999999999,188877.2830999015
993,187000.00000000012,192235.9675346935
994,173900.00000000015,165542.26159672192
995,337500.00000000006,378683.98779593344
996,121599.99999999999,120335.80346521606
997,136500.00000000006,128514.71392070361
998,185000.00000000006,145312.94108403524
999,90999.99999999991,86616.24517788057
1000,205999.99999999988,182918.06134177468
1001,82000.0,83249.54932186841
1002,86000.00000000001,97889.58191388652
1003,231999.99999999997,238694.42947550904
1004,136905.00000000006,142997.49295268246
1005,181000.00000000006,191224.18960684005
1006,149900.0,139295.95080309137
1007,163499.99999999988,181841.19144162952
1008,87999.99999999996,97152.33695034242
1009,240000.00000000003,241149.31727087477
1010,102000.00000000001,107182.74722236599
1011,134999.99999999997,127843.55572455635
1012,100000.00000000004,109853.85437599853
1013,165000.00000000015,139855.78573046756
1014,84999.99999999996,105691.5350661713
1015,119200.00000000007,129795.64610932747
1016,227000.0,212311.55091863373
1017,202999.9999999999,233446.8348079185
1018,187500.0,200962.89403584588
1019,159999.99999999997,176285.92251657197
1020,213490.00000000003,192477.96722552646
1021,176000.00000000006,157772.61966240098
1022,194000.00000000006,194241.97942432552
1023,86999.99999999994,106719.83381744633
1024,191000.00000000015,192155.72490937114
1025,287000.0000000001,299074.3256227123
1026,112500.00000000004,122746.38541564076
1027,167499.99999999997,146677.0118758138
1028,293076.99999999994,281491.88679790386
1029,104999.99999999997,127229.7124377033
1030,118000.00000000009,119717.23867041261
1031,159999.99999999997,118354.5764312934
1032,197000.00000000015,223422.17474432706
1033,310000.0000000002,303574.9263293448
1034,230000.0000000001,234551.61270436549
1035,119749.99999999993,113089.38196337485
1036,84000.00000000003,86829.38350531168
1037,315500.00000000023,329548.14299576177
1038,287000.0000000001,257500.36255472185
1039,96999.99999999999,109214.50833696939
1040,80000.0,91246.76901393298
1041,155000.00000000012,143658.59944246928
1042,172999.9999999999,163866.7704638268
1043,196000.0000000001,182969.17953506688
1044,262280.00000000023,257712.6000461345
1045,278000.0000000002,288755.00912693806
1046,139600.0,125146.52729933291
1047,556581.0000000003,351125.4609345258
1048,145000.00000000012,144628.3443177261
1049,114999.99999999991,126767.0081992049
1050,84900.00000000001,105653.38973968459
1051,176484.99999999988,178817.2971903605
1052,200140.99999999983,187819.8826830253
1053,165000.00000000015,179762.02726178238
1054,144499.99999999994,158646.88059854013
1055,255000.0000000001,263089.0284265163
1056,180000.00000000003,168703.95372459365
1057,185850.0,201672.3584769323
1058,248000.0000000002,230166.3597703842
1059,334999.9999999998,365379.34395611956
1060,219999.99999999983,173082.44110170574
1061,213499.99999999994,204150.19164309194
1062,81000.00000000007,106964.40085490445
1063,90000.00000000001,135319.98349517284
1064,110500.00000000001,138946.92210290727
1065,153999.99999999988,145354.28166518133
1066,328000.0000000002,269751.8646266993
1067,177999.99999999994,172273.09666611918
1068,167900.00000000003,173246.26062629317
1069,151399.99999999988,177097.84172128816
1070,134999.99999999997,127989.6006747137
1071,134999.99999999997,126383.75714437202
1072,153999.99999999988,155291.03756911575
1073,91500.00000000007,120709.63382614216
1074,159499.9999999999,153966.52667109747
1075,194000.00000000006,182095.99200314799
1076,219500.00000000012,178634.6142392503
1077,170000.00000000012,157408.3390198635
1078,138799.99999999997,133226.67827648026
1079,155900.00000000012,147997.01952813216
1080,125999.99999999993,136439.58509737268
1081,145000.00000000012,173625.27430217748
1082,133000.00000000012,134968.5683545068
1083,191999.99999999997,190783.84898727175
1084,159999.99999999997,154283.06785083393
1085,187500.0,172660.74419942568
1086,146999.99999999988,151184.19973465134
1087,83500.00000000001,104845.22092471254
1088,252000.0000000001,241420.24135769508
1089,137500.00000000012,161524.33220335847
1090,197000.00000000015,211710.25109465848
1091,92900.00000000006,88539.93343202818
1092,159999.99999999997,153270.50779579187
1093,136500.00000000006,168027.1408516051
1094,145999.99999999997,145684.5706531015
1095,129000.0000000001,125359.28515040751
1096,176432.00000000015,171015.94881940747
1097,126999.99999999991,128243.43221034095
1098,170000.00000000012,173499.15436063378
1099,127999.99999999997,106156.06643887707
1100,156999.99999999994,173022.55839955935
1101,60000.000000000015,80403.58857881578
1102,119500.00000000009,117976.50485509992
1103,134999.99999999997,128637.28449861582
1104,159499.9999999999,136638.00645318572
1105,106000.00000000001,113350.12662227213
1106,324999.9999999999,334574.4065022179
1107,179900.00000000006,202777.29384538307
1108,274724.9999999999,220294.0315567848
1109,181000.00000000006,166193.25012275222
1110,280000.0,294353.83962435316
1111,188000.00000000012,175491.09633677042
1112,205000.0,203571.03976442828
1113,129900.00000000012,119107.68646263769
1114,134500.00000000006,131743.70937575985
1115,116999.99999999991,120099.01529100937
1116,318000.0,293329.9857308836
1117,184099.99999999988,194410.62758234952
1118,130000.00000000009,142581.77369374176
1119,139999.9999999999,134424.83145539428
1120,133700.0000000001,120397.21847333503
1121,118399.99999999999,115599.9647218778
1122,212899.9999999999,216108.26867629573
1123,112000.00000000004,91907.73904080823
1124,118000.00000000009,104645.25714400658
1125,163899.9999999999,171424.26942512815
1126,114999.99999999991,112264.38449467068
1127,173999.99999999997,203699.8539852689
1128,259000.0,230975.9529295556
1129,215000.0,206561.68449520253
1130,139999.9999999999,128823.62110035053
1131,134999.99999999997,156336.90282991636
1132,93500.00000000009,109652.61151157637
1133,117499.99999999996,149246.5427919391
1134,239499.99999999983,247893.03503636637
1135,169000.00000000012,167932.73929241614
1136,102000.00000000001,104822.03391142539
1137,118999.99999999993,128302.89547143504
1138,93999.99999999997,101008.60966860729
1139,196000.0000000001,190438.64118571448
1140,144000.0,128228.60292773107
1141,139000.00000000003,127026.99154952221
1142,197500.0,180444.99134767047
1143,424870.0,374461.22253862384
1144,80000.0,101246.88651429498
1145,80000.0,91679.24193524699
1146,149000.0,123957.04449947973
1147,180000.00000000003,177934.9478355042
1148,174499.99999999994,159818.9345349927
1149,116900.00000000004,116955.42420427591
1150,143000.0000000001,146857.38138723516
1151,124000.00000000007,124385.69533909211
1152,149900.0,162322.90169761938
1153,230000.0000000001,190694.7659279175
1154,120499.99999999996,123358.18452790931
1155,201799.99999999988,206324.42582086567
1156,217999.99999999988,203264.4277255827
1157,179900.00000000006,165626.7909712794
1158,230000.0000000001,199663.76427925043
1159,235128.0,226238.16762451525
1160,185000.00000000006,190103.73384753361
1161,145999.99999999997,157280.63731816324
1162,224000.0,196994.53184387542
1163,129000.0000000001,130447.15143133039
1164,108959.00000000003,137545.3101865957
1165,194000.00000000006,182996.3226032466
1166,233169.99999999983,219226.756765147
1167,245349.99999999985,233502.66635648732
1168,172999.9999999999,186896.16987548818
1169,235000.0,210897.02772708712
1170,625000.0000000002,323518.51153223164
1171,171000.00000000012,152870.01420404552
1172,162999.99999999988,161831.9101513766
1173,171900.00000000003,146601.88911060916
1174,200499.99999999988,175079.2120226581
1175,239000.00000000003,204021.0138023106
1176,284999.99999999994,292552.11895648064
1177,119500.00000000009,131454.51008185602
1178,114999.99999999991,122005.41341792347
1179,154900.00000000003,123541.41796557124
1180,93000.00000000007,101665.69327006096
1181,249999.9999999998,222597.14771675147
1182,392500.0,280103.04423015716
1183,744999.9999999997,329124.58057877515
1184,120000.00000000004,141771.737395694
1185,186699.99999999983,174969.31815443895
1186,104900.00000000007,128965.23413883423
1187,95000.00000000001,115451.1945735712
1188,261999.99999999994,274321.6099996386
1189,195000.00000000006,185265.42848263998
1190,188999.99999999988,188703.23000416203
1191,167999.9999999999,156404.96382611716
1192,173999.99999999997,169608.55369324159
1193,124999.9999999999,129296.43462425169
1194,165000.00000000015,164144.5794865904
1195,157999.99999999997,142695.02758476304
1196,176000.00000000006,150287.9396633173
1197,219209.9999999999,212101.31030199054
1198,144000.0,163516.23113126468
1199,177999.99999999994,169007.84190021988
1200,148000.00000000015,140645.26431953837
1201,116050.00000000009,105800.84652810638
1202,197900.0000000001,187244.61619669886
1203,116999.99999999991,127546.98267329964
1204,213000.00000000015,205665.00997092665
1205,153500.0,154538.19972796872
1206,271899.9999999998,277204.7340812455
1207,107000.00000000003,112528.27862292639
1208,199999.99999999997,202530.67292991612
1209,139999.9999999999,135615.49413462525
1210,289999.9999999999,277780.3642775651
1211,188999.99999999988,186600.22397490518
1212,163999.99999999988,228292.01659616007
1213,112999.99999999993,95835.62339013227
1214,145000.00000000012,116739.58783396869
1215,134500.00000000006,128737.94652258923
1216,124999.9999999999,118172.69975524735
1217,112000.00000000004,128716.27450087886
1218,229456.00000000003,232665.38225135245
1219,80500.00000000001,73122.90535081756
1220,91500.00000000007,99654.52907024202
1221,114999.99999999991,113869.63519454008
1222,133999.9999999999,131463.48439745617
1223,143000.0000000001,167353.3870437811
1224,137900.0000000001,144920.04432196822
1225,184000.00000000015,202035.5279112843
1226,145000.00000000012,128663.43210231722
1227,214000.00000000017,202735.69089716082
1228,146999.99999999988,138578.62026596259
1229,367293.9999999998,365048.4740019815
1230,126999.99999999991,138256.43530697792
1231,189999.9999999999,185334.25822848457
1232,132499.9999999999,139387.81016678698
1233,101800.00000000003,106394.46816174281
1234,142000.0,137749.47298537803
1235,130000.00000000009,110305.24315484178
1236,138887.0,134431.02437887783
1237,175500.0,176252.85164031672
1238,195000.00000000006,209989.66368918473
1239,142500.00000000012,130666.33283579879
1240,265900.0000000002,229725.0185939742
1241,224900.00000000012,205010.95083031675
1242,248327.99999999985,220599.9551226865
1243,170000.00000000012,173489.34437216472
1244,465000.00000000023,453016.47875098273
1245,230000.0000000001,176178.80682365308
1246,177999.99999999994,201686.957226032
1247,186500.0000000001,173703.42887221155
1248,169900.00000000003,144512.10492406122
1249,129500.00000000006,151109.62540676363
1250,118999.99999999993,117155.85657015872
1251,244000.00000000003,251792.97435773225
1252,171749.99999999994,181389.90194345627
1253,130000.00000000009,125226.86797169707
1254,294000.0000000001,259936.4659926264
1255,165399.99999999988,194232.20074455097
1256,127500.00000000001,126190.17708500773
1257,301500.0000000002,314441.931291604
1258,99899.99999999996,96891.89076878614
1259,189999.9999999999,189360.44786177255
1260,151000.00000000006,142086.87369794087
1261,181000.00000000006,177355.13399272095
1262,128900.00000000003,118100.55497621091
1263,161499.99999999985,136954.66282546642
1264,180500.0,159805.77446130448
1265,181000.00000000006,165326.61001418493
1266,183900.00000000012,163273.61832987992
1267,122000.00000000003,141895.22964116198
1268,378499.99999999965,352832.13302191877
1269,380999.99999999977,308276.45308676874
1270,144000.0,131951.88655312883
1271,259999.9999999998,226271.54819914117
1272,185750.0,166595.9479650253
1273,136999.9999999999,132646.89233980046
1274,177000.00000000006,175990.01204681533
1275,139000.00000000003,136486.21954254515
1276,136999.9999999999,135128.24904512323
1277,162000.00000000012,160410.1918804264
1278,197900.0000000001,197607.48217530083
1279,237000.00000000003,255685.2180514696
1280,68399.99999999997,102628.05675217706
1281,227000.0,217265.12488465523
1282,180000.00000000003,185450.84201087666
1283,150499.9999999999,148315.4399816542
1284,139000.00000000003,145841.3516355605
1285,169000.00000000012,194800.54785741665
1286,132499.9999999999,119849.53113722766
1287,143000.0000000001,154835.50476271662
1288,189999.9999999999,160529.51595012937
1289,278000.0000000002,253010.14089793476
1290,281000.0000000001,264938.2185986004
1291,180500.0,158062.34910527497
1292,119500.00000000009,118978.92687277934
1293,107500.00000000003,131890.63213382527
1294,162900.0000000001,179740.15156224777
1295,114999.99999999991,128752.04603043146
1296,138499.9999999999,134226.52719108766
1297,155000.00000000012,141011.91572876525
1298,139999.9999999999,144972.31471384317
1299,159999.99999999997,542251.8409184905
1300,153999.99999999988,149092.53146090987
1301,225000.00000000015,227811.3027638754
1302,177500.00000000015,153645.57718447654
1303,289999.9999999999,307856.0612479106
1304,231999.99999999997,210366.61867095262
1305,130000.00000000009,162376.1446169015
1306,324999.9999999999,326114.0484589496
1307,202500.00000000012,191477.02827052967
1308,138000.00000000006,144551.9970812271
1309,146999.99999999988,139401.55682473193
1310,179200.0000000001,169595.93862324295
1311,334999.9999999998,283464.8208814599
1312,202999.9999999999,200262.6932506858
1313,302000.00000000006,282337.3608021939
1314,333167.9999999997,309428.28171197564
1315,118999.99999999993,130394.99010628634
1316,206899.99999999983,194901.34323582088
1317,295492.9999999999,261804.22558914198
1318,208900.00000000017,186775.41576819794
1319,275000.0000000002,271560.34374266234
1320,111000.00000000004,117855.62931195745
1321,156499.99999999985,168933.58043669327
1322,72500.0,84461.61117244879
1323,189999.9999999999,214175.30516564034
1324,82500.00000000001,91419.4614583948
1325,146999.99999999988,293360.0693956578
1326,55000.00000000004,67586.02692457377
1327,79000.00000000006,80819.04822278558
1328,130499.99999999996,134452.6634220182
1329,255999.99999999985,164083.9172820807
1330,176500.00000000015,183611.4914910727
1331,227000.0,246098.65565935845
1332,132499.9999999999,128921.05448321206
1333,100000.00000000004,109855.99774528503
1334,125500.00000000006,123776.52786348063
1335,124999.9999999999,116730.82700479814
1336,167900.00000000003,160730.06235560693
1337,134999.99999999997,141307.00276650247
1338,52499.99999999997,67207.31113169191
1339,199999.99999999997,228501.0409039408
1340,128500.00000000004,130361.9573162473
1341,123000.00000000009,116280.09461005351
1342,155000.00000000012,154147.78545895423
1343,228500.00000000003,242632.60573188
1344,177000.00000000006,155960.76614106703
1345,155835.0,178315.46342191342
1346,108499.99999999999,90913.45827424208
1347,262500.00000000023,266166.463641541
1348,283463.0,298463.59486019495
1349,215000.0,244623.3619673012
1350,122000.00000000003,154848.825128622
1351,199999.99999999997,167182.9375970264
1352,171000.00000000012,171895.05027729558
1353,134899.99999999988,124370.82021673949
1354,409999.9999999997,312042.95590640855
1355,235000.0,236916.51962771663
1356,170000.00000000012,203381.66469802914
1357,109999.99999999991,116278.84757540151
1358,149900.0,154570.19227447305
1359,177500.00000000015,154385.52369749418
1360,315000.0000000002,366793.21770767355
1361,188999.99999999988,163367.91853929302
1362,259999.9999999998,243796.89155629295
1363,104900.00000000007,134827.0063509165
1364,156932.00000000006,161709.82053728146
1365,144151.9999999999,137732.6634302204
1366,215999.99999999985,188032.07134407526
1367,192999.99999999985,199181.86686199627
1368,126999.99999999991,143109.87494289712
1369,144000.0,144747.469090108
1370,231999.99999999997,263572.8635450303
1371,104999.99999999997,121867.67081446259
1372,165499.99999999988,180419.78414401927
1373,274299.9999999999,258537.44155057272
1374,466499.99999999965,379488.3064365703
1375,249999.9999999998,228604.6807146104
1376,239000.00000000003,253336.4268575724
1377,90999.99999999991,104989.2444756476
1378,116999.99999999991,141779.54617122468
1379,83000.0,102143.78915395889
1380,167499.99999999997,141303.45934535138
1381,58499.99999999996,77662.86232207346
1382,237499.99999999985,208334.29386586903
1383,156999.99999999994,159944.7705128474
1384,112000.00000000004,155932.60699304898
1385,104999.99999999997,120960.55960734695
1386,125500.00000000006,119126.7529246684
1387,249999.9999999998,321028.85003702727
1388,135999.99999999997,164779.96358813514
1389,377500.0000000002,329382.6761565144
1390,130999.99999999997,128182.20278633824
1391,235000.0,219424.91215533233
1392,124000.00000000007,148915.27108005137
1393,123000.00000000009,133065.21303485605
1394,162999.99999999988,159067.82798774238
1395,246577.99999999994,228754.2337661683
1396,281213.0000000002,299079.9607586199
1397,159999.99999999997,153970.64982280985
1398,137500.00000000012,129462.48028557001
1399,138000.00000000006,135881.96543112485
1400,137449.99999999997,172890.2880150536
1401,120000.00000000004,122619.70912050175
1402,192999.99999999985,177088.90284526267
1403,193879.00000000006,185245.8586222504
1404,282922.00000000006,221903.88232661362
1405,104999.99999999997,99428.49262218748
1406,275000.0000000002,253205.93597473588
1407,133000.00000000012,129894.33685242254
1408,112000.00000000004,112460.05718225299
1409,125500.00000000006,110569.44104118538
1410,215000.0,214168.17124776938
1411,230000.0000000001,219422.8754447806
1412,139999.9999999999,158145.61106680118
1413,90000.00000000001,94160.45650965975
1414,257000.00000000015,258342.27697655233
1415,206999.99999999994,183938.38706489015
1416,175900.0000000001,228748.70646014757
1417,122499.99999999996,137407.78196599765
1418,339999.99999999994,324327.6394680965
1419,124000.00000000007,130580.62832636548
1420,223000.00000000003,208298.6896875951
1421,179900.00000000006,161739.97122183445
1422,127500.00000000001,143650.44261839776
1423,136500.00000000006,143052.3623511995
1424,274969.9999999999,195171.7203587934
1425,144000.0,145971.85525408294
1426,142000.0,154936.05026838608
1427,271000.0000000002,257074.93689466844
1428,139999.9999999999,142443.01292780155
1429,118999.99999999993,113059.08587652304
1430,182900.00000000006,197600.10127394096
1431,192139.99999999988,173156.39858702695
1432,143750.0000000001,133734.76038456807
1433,64500.000000000015,99335.3980932099
1434,186500.0000000001,185140.5234281465
1435,159999.99999999997,163811.84801482092
1436,173999.99999999997,187114.17402396927
1437,120499.99999999996,115311.92142254383
1438,394616.9999999999,377260.7358582619
1439,149699.9999999999,142816.0011332928
1440,197000.00000000015,179067.3875401841
1441,191000.00000000015,189534.51194155833
1442,149300.0,146993.85784716601
1443,310000.0000000002,311414.49842663924
1444,121000.00000000003,109512.56892598695
1445,179599.9999999999,191648.02672144718
1446,129000.0000000001,121329.46459558206
1447,157899.9999999999,142992.08404083355
1448,240000.00000000003,255230.30463262775
1449,112000.00000000004,118995.40084406041
1450,92000.00000000007,100290.73873123428
1451,135999.99999999997,128751.04232315555
1452,287089.9999999999,246370.679534465
1453,145000.00000000012,126226.44017695618
1454,84499.99999999994,125868.20378786296
1455,185000.00000000006,174377.40886813463
1456,175000.00000000012,170002.69508411258
1457,210000.0,206061.17172271392
1458,266499.99999999994,233637.12499988612
1459,142125.00000000006,134003.1298001123
1460,147499.99999999997,158869.20847811096
